source,line,path,label,name,compatibles,status,compatible,reg,reg-names,interrupts,interrupt-names,interrupt-parent,clocks,clock-names,resets,reset-names,dmas,dma-names,power-domains,iommus,phys,phy-names,operating-points-v2,interconnects,interconnect-names,thermal-zones,memory-region,memory-region-names,nvmem-cells,nvmem-cell-names
2b5/zx279133-sr1010.dts,3,/,,/,"[""zte,133""]",,"""zte,133""",,,,,<0x01>,,,,,,,,,,,,,,,,,,
2b5/zx279133-sr1010.dts,10,/top_fixed,,top_fixed,"[""simple-bus""]",,"""simple-bus""",,,,,,,,,,,,,,,,,,,,,,,
2b5/zx279133-sr1010.dts,16,/top_fixed/osc25m,,osc25m,"[""zxic,zx-fixed-rate"", ""fixed-clock""]",,"""zxic,zx-fixed-rate"", ""fixed-clock""",,,,,,,,,,,,,,,,,,,,,,,
2b5/zx279133-sr1010.dts,24,/top_fixed/osc50m_clk,,osc50m_clk,"[""zxic,zx-fixed-rate"", ""fixed-clock""]",,"""zxic,zx-fixed-rate"", ""fixed-clock""",,,,,,,,,,,,,,,,,,,,,,,
2b5/zx279133-sr1010.dts,32,/fixed_div,,fixed_div,"[""simple-bus""]",,"""simple-bus""",,,,,,,,,,,,,,,,,,,,,,,
2b5/zx279133-sr1010.dts,38,/fixed_div/sd_wclk_div,,sd_wclk_div,"[""zxic,zx-fixed-factor""]",,"""zxic,zx-fixed-factor""",,,,,,,,,,,,,,,,,,,,,,,
2b5/zx279133-sr1010.dts,47,/fixed_div/nand_wclk,,nand_wclk,"[""zxic,zx-fixed-factor""]",,"""zxic,zx-fixed-factor""",,,,,,,,,,,,,,,,,,,,,,,
2b5/zx279133-sr1010.dts,59,/top_pll,,top_pll,"[""simple-bus""]",,"""simple-bus""",,,,,,,,,,,,,,,,,,,,,,,
2b5/zx279133-sr1010.dts,65,/top_pll/pll_2000m_clk,,pll_2000m_clk,"[""zxic,zx-pll""]",,"""zxic,zx-pll""",<0x00 0x10e10080 0x00 0x10>,,,,,<0x02>,,,,,,,,,,,,,,,,,
2b5/zx279133-sr1010.dts,78,/top_pll/pll_lsp_2000m_clk,,pll_lsp_2000m_clk,"[""zxic,zx-pll""]",,"""zxic,zx-pll""",,,,,,<0x02>,,,,,,,,,,,,,,,,,
2b5/zx279133-sr1010.dts,88,/top_pll/pll_1376m_clk,,pll_1376m_clk,"[""zxic,zx-pll""]",,"""zxic,zx-pll""",,,,,,<0x02>,,,,,,,,,,,,,,,,,
2b5/zx279133-sr1010.dts,98,/top_pll/pll_fpp_2500m_clk,,pll_fpp_2500m_clk,"[""zxic,zx-pll""]",,"""zxic,zx-pll""",,,,,,<0x02>,,,,,,,,,,,,,,,,,
2b5/zx279133-sr1010.dts,109,/top_mux,,top_mux,"[""simple-bus""]",,"""simple-bus""",,,,,,,,,,,,,,,,,,,,,,,
2b5/zx279133-sr1010.dts,115,/top_mux/mux@0,,mux@0,"[""zxic,zx-mux""]",,"""zxic,zx-mux""",<0x00 0x10e10000 0x00 0x04>,,,,,,,,,,,,,,,,,,,,,,
2b5/zx279133-sr1010.dts,125,/top_mux/mux@1,,mux@1,"[""zxic,zx-mux""]",,"""zxic,zx-mux""",<0x00 0x10e10004 0x00 0x04>,,,,,,,,,,,,,,,,,,,,,,
2b5/zx279133-sr1010.dts,138,/top_mux/mux@2,,mux@2,"[""zxic,zx-mux""]",,"""zxic,zx-mux""",<0x00 0x10e10008 0x00 0x04>,,,,,,,,,,,,,,,,,,,,,,
2b5/zx279133-sr1010.dts,151,/top_mux/mux@3,,mux@3,"[""zxic,zx-mux""]",,"""zxic,zx-mux""",<0x00 0x10e1000c 0x00 0x04>,,,,,,,,,,,,,,,,,,,,,,
2b5/zx279133-sr1010.dts,165,/top_mux/mux@4,,mux@4,"[""zxic,zx-mux""]",,"""zxic,zx-mux""",<0x00 0x10e10010 0x00 0x04>,,,,,,,,,,,,,,,,,,,,,,
2b5/zx279133-sr1010.dts,176,/top_divider,,top_divider,"[""simple-bus""]",,"""simple-bus""",,,,,,,,,,,,,,,,,,,,,,,
2b5/zx279133-sr1010.dts,182,/top_divider/top_clk_div0,,top_clk_div0,"[""zxic,zx-div""]",,"""zxic,zx-div""",<0x00 0x10e10058 0x00 0x04>,,,,,,,,,,,,,,,,,,,,,,
2b5/zx279133-sr1010.dts,192,/top_divider/top_clk_div1,,top_clk_div1,"[""zxic,zx-div""]",,"""zxic,zx-div""",<0x00 0x10e1005c 0x00 0x04>,,,,,,,,,,,,,,,,,,,,,,
2b5/zx279133-sr1010.dts,203,/top_gate,,top_gate,"[""simple-bus""]",,"""simple-bus""",,,,,,,,,,,,,,,,,,,,,,,
2b5/zx279133-sr1010.dts,209,/top_gate/top_clk_gate0,,top_clk_gate0,"[""zxic,zx-gate""]",,"""zxic,zx-gate""",<0x00 0x10e10030 0x00 0x04>,,,,,,,,,,,,,,,,,,,,,,
2b5/zx279133-sr1010.dts,221,/top_gate/top_clk_gate2,,top_clk_gate2,"[""zxic,zx-gate""]",,"""zxic,zx-gate""",<0x00 0x10e10038 0x00 0x04>,,,,,,,,,,,,,,,,,,,,,,
2b5/zx279133-sr1010.dts,234,/top_gate/top_clk_gate3,,top_clk_gate3,"[""zxic,zx-gate""]",,"""zxic,zx-gate""",<0x00 0x10e1003c 0x00 0x04>,,,,,,,,,,,,,,,,,,,,,,
2b5/zx279133-sr1010.dts,247,/top_gate/top_clk_gate4,,top_clk_gate4,"[""zxic,zx-gate""]",,"""zxic,zx-gate""",<0x00 0x10e10040 0x00 0x04>,,,,,,,,,,,,,,,,,,,,,,
2b5/zx279133-sr1010.dts,260,/top_gate/top_clk_gate5,,top_clk_gate5,"[""zxic,zx-gate""]",,"""zxic,zx-gate""",<0x00 0x10e10044 0x00 0x04>,,,,,,,,,,,,,,,,,,,,,,
2b5/zx279133-sr1010.dts,272,/top_gate/top_clk_gate6,,top_clk_gate6,"[""zxic,zx-gate""]",,"""zxic,zx-gate""",<0x00 0x10e10048 0x00 0x04>,,,,,,,,,,,,,,,,,,,,,,
2b5/zx279133-sr1010.dts,285,/lsp0_clk,,lsp0_clk,"[""simple-bus""]",,"""simple-bus""",,,,,,,,,,,,,,,,,,,,,,,
2b5/zx279133-sr1010.dts,295,/lsp0_clk/timer0_clk,,timer0_clk,"[""zxic,zx-clk-lsp-regmap""]",,"""zxic,zx-clk-lsp-regmap""",,,,,,,,,,,,,,,,,,,,,,,
2b5/zx279133-sr1010.dts,307,/lsp0_clk/uart0_clk,,uart0_clk,"[""zxic,zx-clk-lsp-regmap""]",,"""zxic,zx-clk-lsp-regmap""",,,,,,,,,,,,,,,,,,,,,,,
2b5/zx279133-sr1010.dts,317,/lsp0_clk/uart1_clk,,uart1_clk,"[""zxic,zx-clk-lsp-regmap""]",,"""zxic,zx-clk-lsp-regmap""",,,,,,,,,,,,,,,,,,,,,,,
2b5/zx279133-sr1010.dts,327,/lsp0_clk/uart2_clk,,uart2_clk,"[""zxic,zx-clk-lsp-regmap""]",,"""zxic,zx-clk-lsp-regmap""",,,,,,,,,,,,,,,,,,,,,,,
2b5/zx279133-sr1010.dts,337,/lsp0_clk/spifc_clk,,spifc_clk,"[""zxic,zx-clk-lsp-regmap""]",,"""zxic,zx-clk-lsp-regmap""",,,,,,,,,,,,,,,,,,,,,,,
2b5/zx279133-sr1010.dts,356,/lsp1_clk/mdio0_clk,,mdio0_clk,"[""zxic,zx-clk-lsp-regmap""]",,"""zxic,zx-clk-lsp-regmap""",,,,,,,,,,,,,,,,,,,,,,,
2b5/zx279133-sr1010.dts,368,/lsp1_clk/mdio1_clk,,mdio1_clk,"[""zxic,zx-clk-lsp-regmap""]",,"""zxic,zx-clk-lsp-regmap""",,,,,,,,,,,,,,,,,,,,,,,
2b5/zx279133-sr1010.dts,380,/lsp1_clk/i2c0_clk,,i2c0_clk,"[""zxic,zx-clk-lsp-regmap""]",,"""zxic,zx-clk-lsp-regmap""",,,,,,,,,,,,,,,,,,,,,,,
2b5/zx279133-sr1010.dts,391,/lsp1_clk/i2c1_clk,,i2c1_clk,"[""zxic,zx-clk-lsp-regmap""]",,"""zxic,zx-clk-lsp-regmap""",,,,,,,,,,,,,,,,,,,,,,,
2b5/zx279133-sr1010.dts,402,/lsp1_clk/ssp0_clk,,ssp0_clk,"[""zxic,zx-clk-lsp-regmap""]",,"""zxic,zx-clk-lsp-regmap""",,,,,,,,,,,,,,,,,,,,,,,
2b5/zx279133-sr1010.dts,414,/lsp1_clk/ssp1_clk,,ssp1_clk,"[""zxic,zx-clk-lsp-regmap""]",,"""zxic,zx-clk-lsp-regmap""",,,,,,,,,,,,,,,,,,,,,,,
2b5/zx279133-sr1010.dts,426,/lsp1_clk/zsi0_clk,,zsi0_clk,"[""zxic,zx-clk-lsp-regmap""]",,"""zxic,zx-clk-lsp-regmap""",,,,,,,,,,,,,,,,,,,,,,,
2b5/zx279133-sr1010.dts,436,/lsp1_clk/zsi1_clk,,zsi1_clk,"[""zxic,zx-clk-lsp-regmap""]",,"""zxic,zx-clk-lsp-regmap""",,,,,,,,,,,,,,,,,,,,,,,
2b5/zx279133-sr1010.dts,446,/lsp1_clk/isi0_clk,,isi0_clk,"[""zxic,zx-clk-lsp-regmap""]",,"""zxic,zx-clk-lsp-regmap""",,,,,,,,,,,,,,,,,,,,,,,
2b5/zx279133-sr1010.dts,457,/lsp1_clk/isi1_clk,,isi1_clk,"[""zxic,zx-clk-lsp-regmap""]",,"""zxic,zx-clk-lsp-regmap""",,,,,,,,,,,,,,,,,,,,,,,
2b5/zx279133-sr1010.dts,468,/lsp1_clk/tdm0_clk,,tdm0_clk,"[""zxic,zx-clk-lsp-regmap""]",,"""zxic,zx-clk-lsp-regmap""",,,,,,,,,,,,,,,,,,,,,,,
2b5/zx279133-sr1010.dts,480,/lsp1_clk/tdm1_clk,,tdm1_clk,"[""zxic,zx-clk-lsp-regmap""]",,"""zxic,zx-clk-lsp-regmap""",,,,,,,,,,,,,,,,,,,,,,,
2b5/zx279133-sr1010.dts,492,/lsp1_clk/wdt0_clk,,wdt0_clk,"[""zxic,zx-clk-lsp-regmap""]",,"""zxic,zx-clk-lsp-regmap""",,,,,,,,,,,,,,,,,,,,,,,
2b5/zx279133-sr1010.dts,502,/lsp1_clk/wdt1_clk,,wdt1_clk,"[""zxic,zx-clk-lsp-regmap""]",,"""zxic,zx-clk-lsp-regmap""",,,,,,,,,,,,,,,,,,,,,,,
2b5/zx279133-sr1010.dts,512,/lsp1_clk/wdt2_clk,,wdt2_clk,"[""zxic,zx-clk-lsp-regmap""]",,"""zxic,zx-clk-lsp-regmap""",,,,,,,,,,,,,,,,,,,,,,,
2b5/zx279133-sr1010.dts,521,/lsp1_clk/wdt3_clk,,wdt3_clk,"[""zxic,zx-clk-lsp-regmap""]",,"""zxic,zx-clk-lsp-regmap""",,,,,,,,,,,,,,,,,,,,,,,
2b5/zx279133-sr1010.dts,530,/lsp1_clk/i2s0_clk,,i2s0_clk,"[""zxic,zx-clk-lsp-regmap""]",,"""zxic,zx-clk-lsp-regmap""",,,,,,,,,,,,,,,,,,,,,,,
2b5/zx279133-sr1010.dts,540,/lsp1_clk/i2s1_clk,,i2s1_clk,"[""zxic,zx-clk-lsp-regmap""]",,"""zxic,zx-clk-lsp-regmap""",,,,,,,,,,,,,,,,,,,,,,,
2b5/zx279133-sr1010.dts,550,/lsp1_clk/i2s2_clk,,i2s2_clk,"[""zxic,zx-clk-lsp-regmap""]",,"""zxic,zx-clk-lsp-regmap""",,,,,,,,,,,,,,,,,,,,,,,
2b5/zx279133-sr1010.dts,560,/lsp1_clk/pwm_clk,,pwm_clk,"[""zxic,zx-clk-lsp-regmap""]",,"""zxic,zx-clk-lsp-regmap""",,,,,,,,,,,,,,,,,,,,,,,
2b5/zx279133-sr1010.dts,570,/lsp1_clk/efuse_clk,,efuse_clk,"[""zxic,zx-clk-lsp-regmap""]",,"""zxic,zx-clk-lsp-regmap""",,,,,,,,,,,,,,,,,,,,,,,
2b5/zx279133-sr1010.dts,602,/opp_table0,,opp_table0,"[""operating-points-v2""]",,"""operating-points-v2""",,,,,,,,,,,,,,,,,,,,,,,
2b5/zx279133-sr1010.dts,675,/cpus/idle-states/cpu-sleep-0,,cpu-sleep-0,"[""arm,idle-state""]",,"""arm,idle-state""",,,,,,,,,,,,,,,,,,,,,,,
2b5/zx279133-sr1010.dts,685,/cpus/idle-states/cluster-sleep-0,,cluster-sleep-0,"[""arm,idle-state""]",,"""arm,idle-state""",,,,,,,,,,,,,,,,,,,,,,,
2b5/zx279133-sr1010.dts,696,/cpus/cpu@0,,cpu@0,"[""arm,cortex-a53"", ""arm,armv8""]",,"""arm,cortex-a53"", ""arm,armv8""",<0x00 0x00>,,,,,<0x07 0x00>,,,,,,,,,,<0x0b>,,,,,,,
2b5/zx279133-sr1010.dts,709,/cpus/cpu@1,,cpu@1,"[""arm,cortex-a53"", ""arm,armv8""]",,"""arm,cortex-a53"", ""arm,armv8""",<0x00 0x01>,,,,,<0x07 0x00>,,,,,,,,,,<0x0b>,,,,,,,
2b5/zx279133-sr1010.dts,723,/psci,,psci,"[""arm,psci-0.2"", ""arm,psci""]",,"""arm,psci-0.2"", ""arm,psci""",,,,,,,,,,,,,,,,,,,,,,,
2b5/zx279133-sr1010.dts,733,/interrupt-controller@00500000,,interrupt-controller@00500000,"[""arm,gic-v3""]",,"""arm,gic-v3""",<0x00 0x500000 0x00 0x10000 0x00 0x540000 0x00 0x80000>,,<0x01 0x09 0x04>,,,,,,,,,,,,,,,,,,,,
2b5/zx279133-sr1010.dts,742,/timer,,timer,"[""arm,armv8-timer""]",,"""arm,armv8-timer""",,,<0x01 0x0d 0x308 0x01 0x0e 0x308 0x01 0x0b 0x308 0x01 0x0a 0x308>,,,,,,,,,,,,,,,,,,,,
2b5/zx279133-sr1010.dts,747,/memory@80000000,,memory@80000000,[],,,<0x00 0x80000000 0x00 0x20000000>,,,,,,,,,,,,,,,,,,,,,,
2b5/zx279133-sr1010.dts,752,/iram@200000,,iram@200000,"[""zte,iram""]","""disabled""","""zte,iram""",<0x00 0x200000 0x00 0x100000>,,,,,,,,,,,,,,,,,,,,,,
2b5/zx279133-sr1010.dts,758,/soc,,soc,"[""simple-bus""]",,"""simple-bus""",,,,,,,,,,,,,,,,,,,,,,,
2b5/zx279133-sr1010.dts,764,/soc/boot_ctrl@10e10170,,boot_ctrl@10e10170,"[""zxic,boot-ctrl"", ""syscon""]",,"""zxic,boot-ctrl"", ""syscon""",<0x00 0x10e10170 0x00 0x04>,,,,,,,,,,,,,,,,,,,,,,
2b5/zx279133-sr1010.dts,769,/soc/toprst@10e10060,,toprst@10e10060,"[""zte,zx296718-reset""]",,"""zte,zx296718-reset""",<0x00 0x10e10060 0x00 0x04>,,,,,,,,,,,,,,,,,,,,,,
2b5/zx279133-sr1010.dts,776,/soc/localrst@10e10070,,localrst@10e10070,"[""zte,zx296718-reset""]",,"""zte,zx296718-reset""",<0x00 0x10e10070 0x00 0x08>,,,,,,,,,,,,,,,,,,,,,,
2b5/zx279133-sr1010.dts,782,/soc/topcrm@10e10000,,topcrm@10e10000,"[""zte,zx279133-topcrm"", ""syscon""]",,"""zte,zx279133-topcrm"", ""syscon""",<0x00 0x10e10000 0x00 0x10000>,,,,,,,,,,,,,,,,,,,,,,
2b5/zx279133-sr1010.dts,788,/soc/lsp_crm@10d00000,,lsp_crm@10d00000,"[""zxic,lsp-clock"", ""syscon""]",,"""zxic,lsp-clock"", ""syscon""",<0x00 0x10d00000 0x00 0x100>,,,,,,,,,,,,,,,,,,,,,,
2b5/zx279133-sr1010.dts,794,/soc/lsp_crm@14f00000,,lsp_crm@14f00000,"[""zte,lsp1_crm"", ""zxic,lsp-clock"", ""syscon""]",,"""zte,lsp1_crm"", ""zxic,lsp-clock"", ""syscon""",<0x00 0x14f00000 0x00 0x100>,,,,,,,,,,,,,,,,,,,,,,
2b5/zx279133-sr1010.dts,800,/soc/sys_ctrl,,sys_ctrl,"[""zte,zx279133-sysctrl"", ""syscon""]",,"""zte,zx279133-sysctrl"", ""syscon""",<0x00 0x10e00000 0x00 0x10000>,,,,,,,,,,,,,,,,,,,,,,
2b5/zx279133-sr1010.dts,805,/soc/rstctrl,,rstctrl,"[""zxic,zx-rstctrl"", ""syscon""]",,"""zxic,zx-rstctrl"", ""syscon""",<0x00 0x10e10208 0x00 0x04>,,,,,,,,,,,,,,,,,,,,,,
2b5/zx279133-sr1010.dts,811,/soc/reboot@10e10204,,reboot@10e10204,"[""zxic,zx-reboot""]",,"""zxic,zx-reboot""",<0x00 0x10e10204 0x00 0x04>,,,,,,,,,,,,,,,,,,,,,,
2b5/zx279133-sr1010.dts,818,/soc/pinctrl@10e20000,,pinctrl@10e20000,"[""zte,zx-pinctrl""]",,"""zte,zx-pinctrl""",<0x00 0x10e20000 0x00 0x1000>,,,,,,,,,,,,,,,,,,,,,,
2b5/zx279133-sr1010.dts,1018,/soc/pvt@10e70000,,pvt@10e70000,"[""zxic,zx-pvt-sensor-cln22ulp""]","""okay""","""zxic,zx-pvt-sensor-cln22ulp""",<0x00 0x10e70000 0x00 0x10000>,,<0x00 0xbe 0x04 0x00 0xbf 0x04 0x00 0xc0 0x04 0x00 0xc1 0x04>,,,<0x0f 0x00>,,,,,,,,,,,,,,,,,
2b5/zx279133-sr1010.dts,1030,/soc/bdinfo@0,,bdinfo@0,"[""zxic,zx279133-board"", ""zxic,zx-board""]",,"""zxic,zx279133-board"", ""zxic,zx-board""",,,,,,,,,,,,,,,,,,,,,,,
2b5/zx279133-sr1010.dts,1035,/soc/gpio@10d10000,,gpio@10d10000,"[""zte,zx-gpio""]",,"""zte,zx-gpio""",<0x00 0x10d10000 0x00 0x40>,,<0x00 0x22 0x04>,,,,,,,,,,,,,,,,,,,,
2b5/zx279133-sr1010.dts,1044,/soc/gpio@10d10040,,gpio@10d10040,"[""zte,zx-gpio""]",,"""zte,zx-gpio""",<0x00 0x10d10040 0x00 0x40>,,<0x00 0x23 0x04>,,,,,,,,,,,,,,,,,,,,
2b5/zx279133-sr1010.dts,1053,/soc/gpio@10d10080,,gpio@10d10080,"[""zte,zx-gpio""]",,"""zte,zx-gpio""",<0x00 0x10d10080 0x00 0x40>,,<0x00 0x24 0x04>,,,,,,,,,,,,,,,,,,,,
2b5/zx279133-sr1010.dts,1062,/soc/gpio@10d100c0,,gpio@10d100c0,"[""zte,zx-gpio""]",,"""zte,zx-gpio""",<0x00 0x10d100c0 0x00 0x40>,,<0x00 0x25 0x04>,,,,,,,,,,,,,,,,,,,,
2b5/zx279133-sr1010.dts,1071,/soc/gpio@10d10100,,gpio@10d10100,"[""zte,zx-gpio""]",,"""zte,zx-gpio""",<0x00 0x10d10100 0x00 0x40>,,<0x00 0x26 0x04>,,,,,,,,,,,,,,,,,,,,
2b5/zx279133-sr1010.dts,1080,/soc/serial@10d0d000,,serial@10d0d000,"[""arm,sbsa-uart"", ""arm,pl011"", ""arm,primecell""]","""okay""","""arm,sbsa-uart"", ""arm,pl011"", ""arm,primecell""",<0x00 0x10d0d000 0x00 0x1000>,,<0x00 0x1f 0x04>,,,<0x11 0x01 0x11 0x00>,"""uartclk"", ""apb_pclk""",,,,,,,,,,,,,,,,
2b5/zx279133-sr1010.dts,1094,/soc/serial@10d0e000,,serial@10d0e000,"[""arm,sbsa-uart"", ""arm,pl011"", ""arm,primecell""]","""disabled""","""arm,sbsa-uart"", ""arm,pl011"", ""arm,primecell""",<0x00 0x10d0e000 0x00 0x1000>,,<0x00 0x20 0x04>,,,<0x12 0x01 0x12 0x00>,"""uartclk"", ""apb_pclk""",,,,,,,,,,,,,,,,
2b5/zx279133-sr1010.dts,1106,/soc/serial@10d11000,,serial@10d11000,"[""arm,sbsa-uart"", ""arm,pl011"", ""arm,primecell""]","""disabled""","""arm,sbsa-uart"", ""arm,pl011"", ""arm,primecell""",<0x00 0x10d11000 0x00 0x1000>,,<0x00 0x27 0x04>,,,<0x13 0x01 0x13 0x00>,"""uartclk"", ""apb_pclk""",,,,,,,,,,,,,,,,
2b5/zx279133-sr1010.dts,1118,/soc/i2c@14f03000,,i2c@14f03000,"[""zte,zx-i2c""]","""okay""","""zte,zx-i2c""",<0x00 0x14f03000 0x00 0x1000>,,<0x00 0x2b 0x04>,,,<0x14 0x01>,"""i2cclk""",<0x14 0x00>,,,,,,,,,,,,,,,
2b5/zx279133-sr1010.dts,1129,/soc/i2c@14f04000,,i2c@14f04000,"[""zte,zx-i2c""]","""okay""","""zte,zx-i2c""",<0x00 0x14f04000 0x00 0x1000>,,<0x00 0x2c 0x04>,,,<0x15 0x01>,"""i2cclk""",<0x15 0x00>,,,,,,,,,,,,,,,
2b5/zx279133-sr1010.dts,1140,/soc/wdt@14f09000,,wdt@14f09000,"[""zte,lsp1-watchdog""]","""okay""","""zte,lsp1-watchdog""",<0x00 0x14f09000 0x00 0x1000>,,<0x00 0x35 0x04>,,,<0x16 0x01>,"""wdtclk""",,,,,,,,,,,,,,,,
2b5/zx279133-sr1010.dts,1150,/soc/wdt@14f0a000,,wdt@14f0a000,"[""zte,lsp1-watchdog""]","""okay""","""zte,lsp1-watchdog""",<0x00 0x14f0a000 0x00 0x1000>,,<0x00 0x36 0x04>,,,<0x18 0x01>,"""wdtclk""",,,,,,,,,,,,,,,,
2b5/zx279133-sr1010.dts,1160,/soc/i2s@14f0d000,,i2s@14f0d000,"[""zte,zx-i2s""]","""disabled""","""zte,zx-i2s""",<0x00 0x14f0d000 0x00 0x1000>,,<0x00 0x39 0x04>,,,<0x19 0x01 0x19 0x00>,"""i2s_wclk"", ""i2s_pclk""",,,,,,,,,,,,,,,,
2b5/zx279133-sr1010.dts,1171,/soc/i2s@14f0e000,,i2s@14f0e000,"[""zte,zx-i2s""]","""disabled""","""zte,zx-i2s""",<0x00 0x14f0e000 0x00 0x1000>,,<0x00 0x3a 0x04>,,,<0x1b 0x01 0x1b 0x00>,"""i2s_wclk"", ""i2s_pclk""",,,,,,,,,,,,,,,,
2b5/zx279133-sr1010.dts,1182,/soc/i2s@14f0f000,,i2s@14f0f000,"[""zte,zx-i2s""]","""disabled""","""zte,zx-i2s""",<0x00 0x14f0f000 0x00 0x1000>,,<0x00 0x3b 0x04>,,,<0x1d 0x01 0x1d 0x00>,"""i2s_wclk"", ""i2s_pclk""",,,,,,,,,,,,,,,,
2b5/zx279133-sr1010.dts,1193,/soc/pwm@14f10000,,pwm@14f10000,"[""zte,zx-pwm""]","""disabled""","""zte,zx-pwm""",<0x00 0x14f10000 0x00 0x1000>,,,,,<0x1f 0x01 0x1f 0x00>,"""pwm_wclk"", ""pwm_pclk""",,,,,,,,,,,,,,,,
2b5/zx279133-sr1010.dts,1205,/soc/regulator@cpu,,regulator@cpu,"[""pwm-regulator""]",,"""pwm-regulator""",,,,,,,,,,,,,,,,,,,,,,,
2b5/zx279133-sr1010.dts,1217,/soc/efuse@14f11000,,efuse@14f11000,"[""zte,efuse"", ""zxic,zx-efuse"", ""syscon""]",,"""zte,efuse"", ""zxic,zx-efuse"", ""syscon""",<0x00 0x14f11000 0x00 0x1000>,,,,,<0x22 0x01 0x22 0x00>,"""efuse_wclk"", ""efuse_pclk""",,,,,,,,,,,,,,,,
2b5/zx279133-sr1010.dts,1224,/soc/usb3@15008000,,usb3@15008000,"[""generic-xhci""]","""disabled""","""generic-xhci""",<0x00 0x15008000 0x00 0x4000>,,<0x00 0x3f 0x04>,,,<0x23 0x06 0x23 0x04>,"""core"", ""reg""",,,,,,,,,,,,,,,,
2b5/zx279133-sr1010.dts,1234,/soc/usb3@15010000,,usb3@15010000,"[""generic-xhci""]","""okay""","""generic-xhci""",<0x00 0x15010000 0x00 0x4000>,,<0x00 0x41 0x04>,,,<0x23 0x06 0x23 0x04>,"""core"", ""reg""",,,,,,,,,,,,,,,,
2b5/zx279133-sr1010.dts,1244,/soc/mdio@14f01000,,mdio@14f01000,"[""zte,zx-mdio""]","""okay""","""zte,zx-mdio""",<0x00 0x14f01000 0x00 0x1000>,,,,,<0x24 0x01>,,<0x24 0x00>,,,,,,,,,,,,,,,
2b5/zx279133-sr1010.dts,1255,/soc/mdio@14f02000,,mdio@14f02000,"[""zte,zx-mdio""]","""okay""","""zte,zx-mdio""",<0x00 0x14f02000 0x00 0x1000>,,,,,<0x25 0x01>,,<0x25 0x00>,,,,,,,,,,,,,,,
2b5/zx279133-sr1010.dts,1266,/soc/dwmmc0@0x08a00000,,dwmmc0@0x08a00000,"[""zte,zx296718-dw-mshc""]","""disabled""","""zte,zx296718-dw-mshc""",<0x00 0x8a00000 0x00 0x1000>,,<0x00 0x07 0x04>,,,<0x26 0x09 0x26 0x08 0x26 0x0a>,"""ciu"", ""biu"", ""fb_sdmmc_cdet_clk""",<0x27 0x02>,,,,,,,,,,,,,,,
2b5/zx279133-sr1010.dts,1287,/soc/nand@01000000,,nand@01000000,"[""zxic,zx-denali-nand"", ""denali,denali-nand-dt""]","""disabled""","""zxic,zx-denali-nand"", ""denali,denali-nand-dt""",<0x00 0x1000000 0x00 0x80000 0x00 0x1080000 0x00 0x80000>,"""denali_reg"", ""nand_data""",<0x00 0x00 0x04>,,,<0x2a 0x26 0x05 0x26 0x05>,"""nand"", ""nand_x"", ""ecc""",<0x27 0x01>,"""top-reset""",,,,,,,,,,,,,,
2b5/zx279133-sr1010.dts,1304,/soc/nand@01000000/partitions,,partitions,"[""dynamic-partitions""]",,"""dynamic-partitions""",,,,,,,,,,,,,,,,,,,,,,,
2b5/zx279133-sr1010.dts,1311,/soc/spifc@0x10d0f000,,spifc@0x10d0f000,"[""zxic,zx-spifc""]","""disabled""","""zxic,zx-spifc""",<0x00 0x10d0f000 0x00 0x40000>,,<0x00 0x21 0x04>,,,<0x2d 0x01>,"""wclk""",<0x2d 0x00>,,,,,,,,,,,,,,,
2b5/zx279133-sr1010.dts,1327,/soc/spifc@0x10d0f000/spi-flash@0,,spi-flash@0,"[""spi-nand""]",,"""spi-nand""",<0x00>,,,,,,,,,,,,,,,,,,,,,,
2b5/zx279133-sr1010.dts,1336,/soc/spifc@0x10d0f000/spi-flash@0/partitions,,partitions,"[""dynamic-partitions""]",,"""dynamic-partitions""",,,,,,,,,,,,,,,,,,,,,,,
2b5/zx279133-sr1010.dts,1344,/soc/wifi0@f00000,,wifi0@f00000,"[""qcom,cnss-qcn9224""]","""ok""","""qcom,cnss-qcn9224""",,,,,,,,,,,,,,,,,,,,,,,
2b5/zx279133-sr1010.dts,1356,/soc/wifi1@f00000,,wifi1@f00000,"[""qcom,cnss-qcn9224""]","""ok""","""qcom,cnss-qcn9224""",,,,,,,,,,,,,,,,,,,,,,,
2b5/zx279133-sr1010.dts,1368,/soc/msi@1f000000,,msi@1f000000,"[""zte,msi-1.0-zxic""]","""disabled""","""zte,msi-1.0-zxic""",<0x00 0x1f000000 0x00 0x400000 0x00 0x15204000 0x00 0x1000 0x00 0x10e00000 0x00 0x04>,"""Dbi"", ""Phy"", ""vector_slave""",,,<0x01>,,,,,,,,,,,,,,,,,,
2b5/zx279133-sr1010.dts,1380,/soc/pcie@15200000,,pcie@15200000,"[""zte,zx279133-pcie""]","""disabled""","""zte,zx279133-pcie""",<0x00 0x15200000 0x00 0x2000 0x00 0x15204000 0x00 0x1000 0x00 0x1f000000 0x00 0x400000 0x00 0x2f800000 0x00 0x800000 0x00 0x10e00000 0x00 0x04 0x00 0x10e00000 0x00 0x10000 0x00 0x10e10000 0x00 0x10000 0x00 0x600060 0x00 0x04>,"""Csr"", ""Phy"", ""Dbi"", ""Config"", ""Msi"", ""Sys"", ""Top"", ""Spimode""",<0x00 0x69 0x08>,,,,,,,,,,,,,,,,,,,,
2b5/zx279133-sr1010.dts,1406,/soc/pcie@15200000/pcie0_rp,,pcie0_rp,[],"""ok""",,<0x00 0x00 0x00 0x00 0x00>,,,,,,,,,,,,,,,,,,,,,,
2b5/zx279133-sr1010.dts,1410,"/soc/pcie@15200000/pcie0_rp/qcom,mhi@0",,"qcom,mhi@0",[],,,<0x00 0x00 0x00 0x00 0x00>,,,,,,,,,,,,,,,,,,,,,,
2b5/zx279133-sr1010.dts,1417,/soc/msi@1f400000,,msi@1f400000,"[""zte,msi-1.0-zxic""]","""disabled""","""zte,msi-1.0-zxic""",<0x00 0x1f400000 0x00 0x400000 0x00 0x15204000 0x00 0x1000 0x00 0x10e00004 0x00 0x04>,"""Dbi"", ""Phy"", ""vector_slave""",,,<0x01>,,,,,,,,,,,,,,,,,,
2b5/zx279133-sr1010.dts,1429,/soc/pcie@15202000,,pcie@15202000,"[""zte,zx279133-pcie""]","""disabled""","""zte,zx279133-pcie""",<0x00 0x15202000 0x00 0x2000 0x00 0x15204000 0x00 0x1000 0x00 0x1f400000 0x00 0x400000 0x00 0x3f800000 0x00 0x800000 0x00 0x10e00004 0x00 0x04 0x00 0x10e00000 0x00 0x10000 0x00 0x10e10000 0x00 0x10000 0x00 0x60006c 0x00 0x04>,"""Csr"", ""Phy"", ""Dbi"", ""Config"", ""Msi"", ""Sys"", ""Top"", ""Spimode""",<0x00 0x9c 0x08>,,,,,,,,,,,,,,,,,,,,
2b5/zx279133-sr1010.dts,1455,/soc/pcie@15202000/pcie1_rp,,pcie1_rp,[],"""ok""",,<0x00 0x00 0x00 0x00 0x00>,,,,,,,,,,,,,,,,,,,,,,
2b5/zx279133-sr1010.dts,1459,"/soc/pcie@15202000/pcie1_rp/qcom,mhi@1",,"qcom,mhi@1",[],,,<0x00 0x00 0x00 0x00 0x00>,,,,,,,,,,,,,,,,,,,,,,
2b5/zx279133-sr1010.dts,1466,/soc/ssp@0x14f05000,,ssp@0x14f05000,"[""zte,zx27913x-ssp""]","""disabled""","""zte,zx27913x-ssp""",<0x00 0x14f05000 0x00 0x1000>,,<0x00 0x2d 0x04>,,,<0x33 0x01>,,<0x33 0x00>,,,,,,,,,,,,,,,
2b5/zx279133-sr1010.dts,1481,/soc/ssp@0x14f05000/silicon@0,,silicon@0,"[""rohm,dh2228fv""]",,"""rohm,dh2228fv""",<0x00>,,,,,,,,,,,,,,,,,,,,,,
2b5/zx279133-sr1010.dts,1488,/soc/ssp@0x14f06000,,ssp@0x14f06000,"[""zte,zx27913x-ssp""]","""disabled""","""zte,zx27913x-ssp""",<0x00 0x14f06000 0x00 0x1000>,,<0x00 0x2e 0x04>,,,<0x35 0x01>,,<0x35 0x00>,,,,,,,,,,,,,,,
2b5/zx279133-sr1010.dts,1503,/soc/ssp@0x14f06000/silicon@1,,silicon@1,"[""rohm,dh2228fv""]",,"""rohm,dh2228fv""",<0x00>,,,,,,,,,,,,,,,,,,,,,,
2b5/zx279133-sr1010.dts,1510,/soc/tdm@0x14f07000,,tdm@0x14f07000,"[""zte,zx27913x-tdm""]","""disabled""","""zte,zx27913x-tdm""",<0x00 0x14f07000 0x00 0x1000>,,<0x00 0x2f 0x04>,,,<0x37 0x01 0x38 0x01 0x39 0x01>,"""tdmclk"", ""zsiclk"", ""isiclk""",<0x37 0x00 0x37 0x01>,,,,,,,,,,,,,,,
2b5/zx279133-sr1010.dts,1526,/soc/tdm@0x14f08000,,tdm@0x14f08000,"[""zte,zx27913x-tdm""]","""disabled""","""zte,zx27913x-tdm""",<0x00 0x14f08000 0x00 0x1000>,,<0x00 0x30 0x04>,,,<0x3d 0x01 0x3e 0x01 0x3f 0x01>,"""tdmclk"", ""zsiclk"", ""isiclk""",<0x3d 0x00 0x3d 0x01>,,,,,,,,,,,,,,,
2b5/zx279133-sr1010.dts,1542,/soc/pon_plat,,pon_plat,"[""zxic,pon-plat""]",,"""zxic,pon-plat""",,,,,,,,,,,,,,,,,,,,,,,
2b5/zx279133-sr1010.dts,1546,/soc/leds,,leds,"[""zxic,zx-leds""]",,"""zxic,zx-leds""",,,,,,,,,,,,,,,,,,,,,,,
2b5/zx279133-sr1010.dts,1550,/soc/keys,,keys,"[""zxic,gpio-keys""]",,"""zxic,gpio-keys""",,,,,,,,,,,,,,,,,,,,,,,
2b5/zx279133-sr1010.dts,1554,/soc/key_maps,,key_maps,"[""zxic,gpio-key-evdev""]",,"""zxic,gpio-key-evdev""",,,,,,,,,,,,,,,,,,,,,,,
2b5/zx279133-sr1010.dts,1558,/soc/pon@17000000,,pon@17000000,"[""zte,zx279133-pon""]","""okay""","""zte,zx279133-pon""",<0x00 0x17000000 0x00 0x1000000 0x00 0x10e00000 0x00 0x1000 0x00 0x10e10000 0x00 0x10000 0x00 0x10e20000 0x00 0x1000 0x00 0x14f11000 0x00 0x1000>,,<0x00 0x06 0x04>,,,,,,,,,,,,,,,,,,,,
2b5/zx279133-sr1010.dts,1565,/soc/pps@18000000,,pps@18000000,"[""zte,zx279133-pps""]","""disabled""","""zte,zx279133-pps""",<0x00 0x18000000 0x00 0x1000000>,,<0x00 0x3d 0x04 0x00 0x3e 0x04>,,,,,,,,,,,,,,,,,,,,
2b5/zx279133-sr1010.dts,1572,/soc/nppt@19000000,,nppt@19000000,"[""zte,zx279133-nppt""]","""disabled""","""zte,zx279133-nppt""",<0x00 0x19000000 0x00 0x1000000>,,<0x00 0x05 0x04>,,,,,,,,,,,,,,,,,,,,
2b5/zx279133-sr1010.dts,1579,/soc/rgmii@15900000,,rgmii@15900000,"[""zte,zx279133-rgmii""]","""disabled""","""zte,zx279133-rgmii""",<0x00 0x15900000 0x00 0x100000>,,,,,,,,,,,,,,,,,,,,,,
2b5/zx279133-sr1010.dts,1585,/soc/pon_serdes@16000000,,pon_serdes@16000000,"[""zte,zx279133-pon_serdes""]","""disabled""","""zte,zx279133-pon_serdes""",<0x00 0x16000000 0x00 0x10000>,,,,,,,,,,,,,,,,,,,,,,
2b5/zx279133-sr1010.dts,1591,/soc/pon_serdes_pll@16010000,,pon_serdes_pll@16010000,"[""zte,zx279133-pon_serdes_pll""]","""disabled""","""zte,zx279133-pon_serdes_pll""",<0x00 0x16010000 0x00 0x10000>,,,,,,,,,,,,,,,,,,,,,,
2b5/zx279133-sr1010.dts,1597,/soc/uni_serdes@16100000,,uni_serdes@16100000,"[""zte,zx279133-uni_serdes""]","""disabled""","""zte,zx279133-uni_serdes""",<0x00 0x16100000 0x00 0x100000>,,,,,,,,,,,,,,,,,,,,,,
2b5/zx279133-sr1010.dts,1603,/soc/pcu@10e30000,,pcu@10e30000,"[""zte,zx279133-pcu""]","""disabled""","""zte,zx279133-pcu""",<0x00 0x10e30000 0x00 0x10000>,,,,,,,,,,,,,,,,,,,,,,
2b5/zx279133-sr1010.dts,1609,/soc/gephy_apb@15400000,,gephy_apb@15400000,"[""zte,zx279133-gephy-apb""]","""disabled""","""zte,zx279133-gephy-apb""",<0x00 0x15400000 0x00 0x500000>,,,,,,,,,,,,,,,,,,,,,,
2b5/zx279133-sr1010.dts,1615,/soc/ipsec@12000000,,ipsec@12000000,"[""zte,zx279133-ipsec""]","""disabled""","""zte,zx279133-ipsec""",<0x00 0x12000000 0x00 0x1000000 0x00 0x13000000 0x00 0x1000000>,,<0x00 0xae 0x04 0x00 0xaf 0x04 0x00 0xb0 0x04 0x00 0xb1 0x04 0x00 0xb2 0x04 0x00 0xb3 0x04 0x00 0xb4 0x04 0x00 0xb5 0x04 0x00 0xb6 0x04 0x00 0xb7 0x04 0x00 0xb8 0x04>,,,,,,,,,,,,,,,,,,,,
2b5/zx279133-sr1010.dts,1624,/soc/idm@19280000,,idm@19280000,"[""zte,zx279133-idm-intr""]","""disabled""","""zte,zx279133-idm-intr""",,,<0x00 0x01 0x04 0x00 0x02 0x04 0x00 0x03 0x04 0x00 0x04 0x04>,,,,,,,,,,,,,,,,,,,,
2b5/zx279133-sr1010.dts,1630,/soc/xpcs@1a000000,,xpcs@1a000000,"[""zte,zx279133-xmac0-pcs""]","""disabled""","""zte,zx279133-xmac0-pcs""",<0x00 0x1a000000 0x00 0x2000000>,,,,,,,,,,,,,,,,,,,,,,
2b5/zx279133-sr1010.dts,1636,/soc/se@18040000,,se@18040000,"[""zte,zx279133-se-ddr""]","""okay""","""zte,zx279133-se-ddr""",,,,,,,,,,,,,,,,,,,,,,,
2b5/zx279133-sr1010.dts,1647,/soc/woe@19240000,,woe@19240000,"[""zte,zx279133-woe-ddr""]","""okay""","""zte,zx279133-woe-ddr""",,,<0x00 0xac 0x04 0x00 0xad 0x04>,,,,,,,,,,,,,,,,,,,,
2b5/zx279133-sr1010.dts,1653,/soc/bmu@1903c000,,bmu@1903c000,"[""zte,zx279133-bmu-ddr""]","""okay""","""zte,zx279133-bmu-ddr""",,,,,,,,,,,,,,,,,,,,,,,
2b5/zx279133-sr1010.dts,1673,/part@256/partition@whole,,partition@whole,[],,,<0x00 0x10000000>,,,,,,,,,,,,,,,,,,,,,,
2b5/zx279133-sr1010.dts,1678,/part@256/partition@bootloader,,partition@bootloader,[],,,<0x00 0x100000>,,,,,,,,,,,,,,,,,,,,,,
2b5/zx279133-sr1010.dts,1683,/part@256/partition@tag,,partition@tag,[],,,<0x100000 0x100000>,,,,,,,,,,,,,,,,,,,,,,
2b5/zx279133-sr1010.dts,1688,/part@256/partition@usercfg,,partition@usercfg,[],,,<0x200000 0x200000>,,,,,,,,,,,,,,,,,,,,,,
2b5/zx279133-sr1010.dts,1693,/part@256/partition@defcfg,,partition@defcfg,[],,,<0x400000 0x200000>,,,,,,,,,,,,,,,,,,,,,,
2b5/zx279133-sr1010.dts,1698,/part@256/partition@kern0,,partition@kern0,[],,,<0x600000 0x2900000>,,,,,,,,,,,,,,,,,,,,,,
2b5/zx279133-sr1010.dts,1703,/part@256/partition@kern1,,partition@kern1,[],,,<0x2f00000 0x2900000>,,,,,,,,,,,,,,,,,,,,,,
2b5/zx279133-sr1010.dts,1708,/part@256/partition@rootfs0,,partition@rootfs0,[],,,<0x600000 0x2900000>,,,,,,,,,,,,,,,,,,,,,,
2b5/zx279133-sr1010.dts,1713,/part@256/partition@rootfs1,,partition@rootfs1,[],,,<0x2f00000 0x2900000>,,,,,,,,,,,,,,,,,,,,,,
2b5/zx279133-sr1010.dts,1718,/part@256/partition@Plugin,,partition@Plugin,[],,,<0x5800000 0x2800000>,,,,,,,,,,,,,,,,,,,,,,
2b5/zx279133-sr1010.dts,1729,/part@128/partition@whole,,partition@whole,[],,,<0x00 0x8000000>,,,,,,,,,,,,,,,,,,,,,,
2b5/zx279133-sr1010.dts,1734,/part@128/partition@bootloader,,partition@bootloader,[],,,<0x00 0x100000>,,,,,,,,,,,,,,,,,,,,,,
2b5/zx279133-sr1010.dts,1739,/part@128/partition@tag,,partition@tag,[],,,<0x100000 0x100000>,,,,,,,,,,,,,,,,,,,,,,
2b5/zx279133-sr1010.dts,1744,/part@128/partition@usercfg,,partition@usercfg,[],,,<0x200000 0x200000>,,,,,,,,,,,,,,,,,,,,,,
2b5/zx279133-sr1010.dts,1749,/part@128/partition@defcfg,,partition@defcfg,[],,,<0x400000 0x200000>,,,,,,,,,,,,,,,,,,,,,,
2b5/zx279133-sr1010.dts,1754,/part@128/partition@kern0,,partition@kern0,[],,,<0x600000 0x2900000>,,,,,,,,,,,,,,,,,,,,,,
2b5/zx279133-sr1010.dts,1759,/part@128/partition@kern1,,partition@kern1,[],,,<0x2f00000 0x2900000>,,,,,,,,,,,,,,,,,,,,,,
2b5/zx279133-sr1010.dts,1764,/part@128/partition@rootfs0,,partition@rootfs0,[],,,<0x600000 0x2900000>,,,,,,,,,,,,,,,,,,,,,,
2b5/zx279133-sr1010.dts,1769,/part@128/partition@rootfs1,,partition@rootfs1,[],,,<0x2f00000 0x2900000>,,,,,,,,,,,,,,,,,,,,,,
2b5/zx279133-sr1010.dts,1774,/part@128/partition@Plugin,,partition@Plugin,[],,,<0x5800000 0x2800000>,,,,,,,,,,,,,,,,,,,,,,
sr1010-vendor-runtime/device-tree/runtime.dtb (dtc),3,/,,/,"[""zte,133""]",,"""zte,133""",,,,,<0x01>,,,,,,,,,,,,,,,,,,
sr1010-vendor-runtime/device-tree/runtime.dtb (dtc),10,/top_fixed,,top_fixed,"[""simple-bus""]",,"""simple-bus""",,,,,,,,,,,,,,,,,,,,,,,
sr1010-vendor-runtime/device-tree/runtime.dtb (dtc),16,/top_fixed/osc25m,,osc25m,"[""zxic,zx-fixed-rate"", ""fixed-clock""]",,"""zxic,zx-fixed-rate"", ""fixed-clock""",,,,,,,,,,,,,,,,,,,,,,,
sr1010-vendor-runtime/device-tree/runtime.dtb (dtc),24,/top_fixed/osc50m_clk,,osc50m_clk,"[""zxic,zx-fixed-rate"", ""fixed-clock""]",,"""zxic,zx-fixed-rate"", ""fixed-clock""",,,,,,,,,,,,,,,,,,,,,,,
sr1010-vendor-runtime/device-tree/runtime.dtb (dtc),32,/fixed_div,,fixed_div,"[""simple-bus""]",,"""simple-bus""",,,,,,,,,,,,,,,,,,,,,,,
sr1010-vendor-runtime/device-tree/runtime.dtb (dtc),38,/fixed_div/sd_wclk_div,,sd_wclk_div,"[""zxic,zx-fixed-factor""]",,"""zxic,zx-fixed-factor""",,,,,,,,,,,,,,,,,,,,,,,
sr1010-vendor-runtime/device-tree/runtime.dtb (dtc),47,/fixed_div/nand_wclk,,nand_wclk,"[""zxic,zx-fixed-factor""]",,"""zxic,zx-fixed-factor""",,,,,,,,,,,,,,,,,,,,,,,
sr1010-vendor-runtime/device-tree/runtime.dtb (dtc),59,/top_pll,,top_pll,"[""simple-bus""]",,"""simple-bus""",,,,,,,,,,,,,,,,,,,,,,,
sr1010-vendor-runtime/device-tree/runtime.dtb (dtc),65,/top_pll/pll_2000m_clk,,pll_2000m_clk,"[""zxic,zx-pll""]",,"""zxic,zx-pll""",<0x00 0x10e10080 0x00 0x10>,,,,,<0x02>,,,,,,,,,,,,,,,,,
sr1010-vendor-runtime/device-tree/runtime.dtb (dtc),78,/top_pll/pll_lsp_2000m_clk,,pll_lsp_2000m_clk,"[""zxic,zx-pll""]",,"""zxic,zx-pll""",,,,,,<0x02>,,,,,,,,,,,,,,,,,
sr1010-vendor-runtime/device-tree/runtime.dtb (dtc),88,/top_pll/pll_1376m_clk,,pll_1376m_clk,"[""zxic,zx-pll""]",,"""zxic,zx-pll""",,,,,,<0x02>,,,,,,,,,,,,,,,,,
sr1010-vendor-runtime/device-tree/runtime.dtb (dtc),98,/top_pll/pll_fpp_2500m_clk,,pll_fpp_2500m_clk,"[""zxic,zx-pll""]",,"""zxic,zx-pll""",,,,,,<0x02>,,,,,,,,,,,,,,,,,
sr1010-vendor-runtime/device-tree/runtime.dtb (dtc),109,/top_mux,,top_mux,"[""simple-bus""]",,"""simple-bus""",,,,,,,,,,,,,,,,,,,,,,,
sr1010-vendor-runtime/device-tree/runtime.dtb (dtc),115,/top_mux/mux@0,,mux@0,"[""zxic,zx-mux""]",,"""zxic,zx-mux""",<0x00 0x10e10000 0x00 0x04>,,,,,,,,,,,,,,,,,,,,,,
sr1010-vendor-runtime/device-tree/runtime.dtb (dtc),125,/top_mux/mux@1,,mux@1,"[""zxic,zx-mux""]",,"""zxic,zx-mux""",<0x00 0x10e10004 0x00 0x04>,,,,,,,,,,,,,,,,,,,,,,
sr1010-vendor-runtime/device-tree/runtime.dtb (dtc),138,/top_mux/mux@2,,mux@2,"[""zxic,zx-mux""]",,"""zxic,zx-mux""",<0x00 0x10e10008 0x00 0x04>,,,,,,,,,,,,,,,,,,,,,,
sr1010-vendor-runtime/device-tree/runtime.dtb (dtc),151,/top_mux/mux@3,,mux@3,"[""zxic,zx-mux""]",,"""zxic,zx-mux""",<0x00 0x10e1000c 0x00 0x04>,,,,,,,,,,,,,,,,,,,,,,
sr1010-vendor-runtime/device-tree/runtime.dtb (dtc),165,/top_mux/mux@4,,mux@4,"[""zxic,zx-mux""]",,"""zxic,zx-mux""",<0x00 0x10e10010 0x00 0x04>,,,,,,,,,,,,,,,,,,,,,,
sr1010-vendor-runtime/device-tree/runtime.dtb (dtc),176,/top_divider,,top_divider,"[""simple-bus""]",,"""simple-bus""",,,,,,,,,,,,,,,,,,,,,,,
sr1010-vendor-runtime/device-tree/runtime.dtb (dtc),182,/top_divider/top_clk_div0,,top_clk_div0,"[""zxic,zx-div""]",,"""zxic,zx-div""",<0x00 0x10e10058 0x00 0x04>,,,,,,,,,,,,,,,,,,,,,,
sr1010-vendor-runtime/device-tree/runtime.dtb (dtc),192,/top_divider/top_clk_div1,,top_clk_div1,"[""zxic,zx-div""]",,"""zxic,zx-div""",<0x00 0x10e1005c 0x00 0x04>,,,,,,,,,,,,,,,,,,,,,,
sr1010-vendor-runtime/device-tree/runtime.dtb (dtc),203,/top_gate,,top_gate,"[""simple-bus""]",,"""simple-bus""",,,,,,,,,,,,,,,,,,,,,,,
sr1010-vendor-runtime/device-tree/runtime.dtb (dtc),209,/top_gate/top_clk_gate0,,top_clk_gate0,"[""zxic,zx-gate""]",,"""zxic,zx-gate""",<0x00 0x10e10030 0x00 0x04>,,,,,,,,,,,,,,,,,,,,,,
sr1010-vendor-runtime/device-tree/runtime.dtb (dtc),221,/top_gate/top_clk_gate2,,top_clk_gate2,"[""zxic,zx-gate""]",,"""zxic,zx-gate""",<0x00 0x10e10038 0x00 0x04>,,,,,,,,,,,,,,,,,,,,,,
sr1010-vendor-runtime/device-tree/runtime.dtb (dtc),234,/top_gate/top_clk_gate3,,top_clk_gate3,"[""zxic,zx-gate""]",,"""zxic,zx-gate""",<0x00 0x10e1003c 0x00 0x04>,,,,,,,,,,,,,,,,,,,,,,
sr1010-vendor-runtime/device-tree/runtime.dtb (dtc),247,/top_gate/top_clk_gate4,,top_clk_gate4,"[""zxic,zx-gate""]",,"""zxic,zx-gate""",<0x00 0x10e10040 0x00 0x04>,,,,,,,,,,,,,,,,,,,,,,
sr1010-vendor-runtime/device-tree/runtime.dtb (dtc),260,/top_gate/top_clk_gate5,,top_clk_gate5,"[""zxic,zx-gate""]",,"""zxic,zx-gate""",<0x00 0x10e10044 0x00 0x04>,,,,,,,,,,,,,,,,,,,,,,
sr1010-vendor-runtime/device-tree/runtime.dtb (dtc),272,/top_gate/top_clk_gate6,,top_clk_gate6,"[""zxic,zx-gate""]",,"""zxic,zx-gate""",<0x00 0x10e10048 0x00 0x04>,,,,,,,,,,,,,,,,,,,,,,
sr1010-vendor-runtime/device-tree/runtime.dtb (dtc),285,/lsp0_clk,,lsp0_clk,"[""simple-bus""]",,"""simple-bus""",,,,,,,,,,,,,,,,,,,,,,,
sr1010-vendor-runtime/device-tree/runtime.dtb (dtc),295,/lsp0_clk/timer0_clk,,timer0_clk,"[""zxic,zx-clk-lsp-regmap""]",,"""zxic,zx-clk-lsp-regmap""",,,,,,,,,,,,,,,,,,,,,,,
sr1010-vendor-runtime/device-tree/runtime.dtb (dtc),307,/lsp0_clk/uart0_clk,,uart0_clk,"[""zxic,zx-clk-lsp-regmap""]",,"""zxic,zx-clk-lsp-regmap""",,,,,,,,,,,,,,,,,,,,,,,
sr1010-vendor-runtime/device-tree/runtime.dtb (dtc),317,/lsp0_clk/uart1_clk,,uart1_clk,"[""zxic,zx-clk-lsp-regmap""]",,"""zxic,zx-clk-lsp-regmap""",,,,,,,,,,,,,,,,,,,,,,,
sr1010-vendor-runtime/device-tree/runtime.dtb (dtc),327,/lsp0_clk/uart2_clk,,uart2_clk,"[""zxic,zx-clk-lsp-regmap""]",,"""zxic,zx-clk-lsp-regmap""",,,,,,,,,,,,,,,,,,,,,,,
sr1010-vendor-runtime/device-tree/runtime.dtb (dtc),337,/lsp0_clk/spifc_clk,,spifc_clk,"[""zxic,zx-clk-lsp-regmap""]",,"""zxic,zx-clk-lsp-regmap""",,,,,,,,,,,,,,,,,,,,,,,
sr1010-vendor-runtime/device-tree/runtime.dtb (dtc),356,/lsp1_clk/mdio0_clk,,mdio0_clk,"[""zxic,zx-clk-lsp-regmap""]",,"""zxic,zx-clk-lsp-regmap""",,,,,,,,,,,,,,,,,,,,,,,
sr1010-vendor-runtime/device-tree/runtime.dtb (dtc),368,/lsp1_clk/mdio1_clk,,mdio1_clk,"[""zxic,zx-clk-lsp-regmap""]",,"""zxic,zx-clk-lsp-regmap""",,,,,,,,,,,,,,,,,,,,,,,
sr1010-vendor-runtime/device-tree/runtime.dtb (dtc),380,/lsp1_clk/i2c0_clk,,i2c0_clk,"[""zxic,zx-clk-lsp-regmap""]",,"""zxic,zx-clk-lsp-regmap""",,,,,,,,,,,,,,,,,,,,,,,
sr1010-vendor-runtime/device-tree/runtime.dtb (dtc),391,/lsp1_clk/i2c1_clk,,i2c1_clk,"[""zxic,zx-clk-lsp-regmap""]",,"""zxic,zx-clk-lsp-regmap""",,,,,,,,,,,,,,,,,,,,,,,
sr1010-vendor-runtime/device-tree/runtime.dtb (dtc),402,/lsp1_clk/ssp0_clk,,ssp0_clk,"[""zxic,zx-clk-lsp-regmap""]",,"""zxic,zx-clk-lsp-regmap""",,,,,,,,,,,,,,,,,,,,,,,
sr1010-vendor-runtime/device-tree/runtime.dtb (dtc),414,/lsp1_clk/ssp1_clk,,ssp1_clk,"[""zxic,zx-clk-lsp-regmap""]",,"""zxic,zx-clk-lsp-regmap""",,,,,,,,,,,,,,,,,,,,,,,
sr1010-vendor-runtime/device-tree/runtime.dtb (dtc),426,/lsp1_clk/zsi0_clk,,zsi0_clk,"[""zxic,zx-clk-lsp-regmap""]",,"""zxic,zx-clk-lsp-regmap""",,,,,,,,,,,,,,,,,,,,,,,
sr1010-vendor-runtime/device-tree/runtime.dtb (dtc),436,/lsp1_clk/zsi1_clk,,zsi1_clk,"[""zxic,zx-clk-lsp-regmap""]",,"""zxic,zx-clk-lsp-regmap""",,,,,,,,,,,,,,,,,,,,,,,
sr1010-vendor-runtime/device-tree/runtime.dtb (dtc),446,/lsp1_clk/isi0_clk,,isi0_clk,"[""zxic,zx-clk-lsp-regmap""]",,"""zxic,zx-clk-lsp-regmap""",,,,,,,,,,,,,,,,,,,,,,,
sr1010-vendor-runtime/device-tree/runtime.dtb (dtc),457,/lsp1_clk/isi1_clk,,isi1_clk,"[""zxic,zx-clk-lsp-regmap""]",,"""zxic,zx-clk-lsp-regmap""",,,,,,,,,,,,,,,,,,,,,,,
sr1010-vendor-runtime/device-tree/runtime.dtb (dtc),468,/lsp1_clk/tdm0_clk,,tdm0_clk,"[""zxic,zx-clk-lsp-regmap""]",,"""zxic,zx-clk-lsp-regmap""",,,,,,,,,,,,,,,,,,,,,,,
sr1010-vendor-runtime/device-tree/runtime.dtb (dtc),480,/lsp1_clk/tdm1_clk,,tdm1_clk,"[""zxic,zx-clk-lsp-regmap""]",,"""zxic,zx-clk-lsp-regmap""",,,,,,,,,,,,,,,,,,,,,,,
sr1010-vendor-runtime/device-tree/runtime.dtb (dtc),492,/lsp1_clk/wdt0_clk,,wdt0_clk,"[""zxic,zx-clk-lsp-regmap""]",,"""zxic,zx-clk-lsp-regmap""",,,,,,,,,,,,,,,,,,,,,,,
sr1010-vendor-runtime/device-tree/runtime.dtb (dtc),502,/lsp1_clk/wdt1_clk,,wdt1_clk,"[""zxic,zx-clk-lsp-regmap""]",,"""zxic,zx-clk-lsp-regmap""",,,,,,,,,,,,,,,,,,,,,,,
sr1010-vendor-runtime/device-tree/runtime.dtb (dtc),512,/lsp1_clk/wdt2_clk,,wdt2_clk,"[""zxic,zx-clk-lsp-regmap""]",,"""zxic,zx-clk-lsp-regmap""",,,,,,,,,,,,,,,,,,,,,,,
sr1010-vendor-runtime/device-tree/runtime.dtb (dtc),521,/lsp1_clk/wdt3_clk,,wdt3_clk,"[""zxic,zx-clk-lsp-regmap""]",,"""zxic,zx-clk-lsp-regmap""",,,,,,,,,,,,,,,,,,,,,,,
sr1010-vendor-runtime/device-tree/runtime.dtb (dtc),530,/lsp1_clk/i2s0_clk,,i2s0_clk,"[""zxic,zx-clk-lsp-regmap""]",,"""zxic,zx-clk-lsp-regmap""",,,,,,,,,,,,,,,,,,,,,,,
sr1010-vendor-runtime/device-tree/runtime.dtb (dtc),540,/lsp1_clk/i2s1_clk,,i2s1_clk,"[""zxic,zx-clk-lsp-regmap""]",,"""zxic,zx-clk-lsp-regmap""",,,,,,,,,,,,,,,,,,,,,,,
sr1010-vendor-runtime/device-tree/runtime.dtb (dtc),550,/lsp1_clk/i2s2_clk,,i2s2_clk,"[""zxic,zx-clk-lsp-regmap""]",,"""zxic,zx-clk-lsp-regmap""",,,,,,,,,,,,,,,,,,,,,,,
sr1010-vendor-runtime/device-tree/runtime.dtb (dtc),560,/lsp1_clk/pwm_clk,,pwm_clk,"[""zxic,zx-clk-lsp-regmap""]",,"""zxic,zx-clk-lsp-regmap""",,,,,,,,,,,,,,,,,,,,,,,
sr1010-vendor-runtime/device-tree/runtime.dtb (dtc),570,/lsp1_clk/efuse_clk,,efuse_clk,"[""zxic,zx-clk-lsp-regmap""]",,"""zxic,zx-clk-lsp-regmap""",,,,,,,,,,,,,,,,,,,,,,,
sr1010-vendor-runtime/device-tree/runtime.dtb (dtc),602,/opp_table0,,opp_table0,"[""operating-points-v2""]",,"""operating-points-v2""",,,,,,,,,,,,,,,,,,,,,,,
sr1010-vendor-runtime/device-tree/runtime.dtb (dtc),675,/cpus/idle-states/cpu-sleep-0,,cpu-sleep-0,"[""arm,idle-state""]",,"""arm,idle-state""",,,,,,,,,,,,,,,,,,,,,,,
sr1010-vendor-runtime/device-tree/runtime.dtb (dtc),685,/cpus/idle-states/cluster-sleep-0,,cluster-sleep-0,"[""arm,idle-state""]",,"""arm,idle-state""",,,,,,,,,,,,,,,,,,,,,,,
sr1010-vendor-runtime/device-tree/runtime.dtb (dtc),696,/cpus/cpu@0,,cpu@0,"[""arm,cortex-a53"", ""arm,armv8""]",,"""arm,cortex-a53"", ""arm,armv8""",<0x00 0x00>,,,,,<0x07 0x00>,,,,,,,,,,<0x0b>,,,,,,,
sr1010-vendor-runtime/device-tree/runtime.dtb (dtc),709,/cpus/cpu@1,,cpu@1,"[""arm,cortex-a53"", ""arm,armv8""]",,"""arm,cortex-a53"", ""arm,armv8""",<0x00 0x01>,,,,,<0x07 0x00>,,,,,,,,,,<0x0b>,,,,,,,
sr1010-vendor-runtime/device-tree/runtime.dtb (dtc),723,/psci,,psci,"[""arm,psci-0.2"", ""arm,psci""]",,"""arm,psci-0.2"", ""arm,psci""",,,,,,,,,,,,,,,,,,,,,,,
sr1010-vendor-runtime/device-tree/runtime.dtb (dtc),733,/interrupt-controller@00500000,,interrupt-controller@00500000,"[""arm,gic-v3""]",,"""arm,gic-v3""",<0x00 0x500000 0x00 0x10000 0x00 0x540000 0x00 0x80000>,,<0x01 0x09 0x04>,,,,,,,,,,,,,,,,,,,,
sr1010-vendor-runtime/device-tree/runtime.dtb (dtc),742,/timer,,timer,"[""arm,armv8-timer""]",,"""arm,armv8-timer""",,,<0x01 0x0d 0x308 0x01 0x0e 0x308 0x01 0x0b 0x308 0x01 0x0a 0x308>,,,,,,,,,,,,,,,,,,,,
sr1010-vendor-runtime/device-tree/runtime.dtb (dtc),747,/memory@80000000,,memory@80000000,[],,,<0x00 0x80000000 0x00 0x20000000>,,,,,,,,,,,,,,,,,,,,,,
sr1010-vendor-runtime/device-tree/runtime.dtb (dtc),752,/iram@200000,,iram@200000,"[""zte,iram""]","""disabled""","""zte,iram""",<0x00 0x200000 0x00 0x100000>,,,,,,,,,,,,,,,,,,,,,,
sr1010-vendor-runtime/device-tree/runtime.dtb (dtc),758,/soc,,soc,"[""simple-bus""]",,"""simple-bus""",,,,,,,,,,,,,,,,,,,,,,,
sr1010-vendor-runtime/device-tree/runtime.dtb (dtc),764,/soc/boot_ctrl@10e10170,,boot_ctrl@10e10170,"[""zxic,boot-ctrl"", ""syscon""]",,"""zxic,boot-ctrl"", ""syscon""",<0x00 0x10e10170 0x00 0x04>,,,,,,,,,,,,,,,,,,,,,,
sr1010-vendor-runtime/device-tree/runtime.dtb (dtc),769,/soc/toprst@10e10060,,toprst@10e10060,"[""zte,zx296718-reset""]",,"""zte,zx296718-reset""",<0x00 0x10e10060 0x00 0x04>,,,,,,,,,,,,,,,,,,,,,,
sr1010-vendor-runtime/device-tree/runtime.dtb (dtc),776,/soc/localrst@10e10070,,localrst@10e10070,"[""zte,zx296718-reset""]",,"""zte,zx296718-reset""",<0x00 0x10e10070 0x00 0x08>,,,,,,,,,,,,,,,,,,,,,,
sr1010-vendor-runtime/device-tree/runtime.dtb (dtc),782,/soc/topcrm@10e10000,,topcrm@10e10000,"[""zte,zx279133-topcrm"", ""syscon""]",,"""zte,zx279133-topcrm"", ""syscon""",<0x00 0x10e10000 0x00 0x10000>,,,,,,,,,,,,,,,,,,,,,,
sr1010-vendor-runtime/device-tree/runtime.dtb (dtc),788,/soc/lsp_crm@10d00000,,lsp_crm@10d00000,"[""zxic,lsp-clock"", ""syscon""]",,"""zxic,lsp-clock"", ""syscon""",<0x00 0x10d00000 0x00 0x100>,,,,,,,,,,,,,,,,,,,,,,
sr1010-vendor-runtime/device-tree/runtime.dtb (dtc),794,/soc/lsp_crm@14f00000,,lsp_crm@14f00000,"[""zte,lsp1_crm"", ""zxic,lsp-clock"", ""syscon""]",,"""zte,lsp1_crm"", ""zxic,lsp-clock"", ""syscon""",<0x00 0x14f00000 0x00 0x100>,,,,,,,,,,,,,,,,,,,,,,
sr1010-vendor-runtime/device-tree/runtime.dtb (dtc),800,/soc/sys_ctrl,,sys_ctrl,"[""zte,zx279133-sysctrl"", ""syscon""]",,"""zte,zx279133-sysctrl"", ""syscon""",<0x00 0x10e00000 0x00 0x10000>,,,,,,,,,,,,,,,,,,,,,,
sr1010-vendor-runtime/device-tree/runtime.dtb (dtc),805,/soc/rstctrl,,rstctrl,"[""zxic,zx-rstctrl"", ""syscon""]",,"""zxic,zx-rstctrl"", ""syscon""",<0x00 0x10e10208 0x00 0x04>,,,,,,,,,,,,,,,,,,,,,,
sr1010-vendor-runtime/device-tree/runtime.dtb (dtc),811,/soc/reboot@10e10204,,reboot@10e10204,"[""zxic,zx-reboot""]",,"""zxic,zx-reboot""",<0x00 0x10e10204 0x00 0x04>,,,,,,,,,,,,,,,,,,,,,,
sr1010-vendor-runtime/device-tree/runtime.dtb (dtc),818,/soc/pinctrl@10e20000,,pinctrl@10e20000,"[""zte,zx-pinctrl""]",,"""zte,zx-pinctrl""",<0x00 0x10e20000 0x00 0x1000>,,,,,,,,,,,,,,,,,,,,,,
sr1010-vendor-runtime/device-tree/runtime.dtb (dtc),1018,/soc/pvt@10e70000,,pvt@10e70000,"[""zxic,zx-pvt-sensor-cln22ulp""]","""okay""","""zxic,zx-pvt-sensor-cln22ulp""",<0x00 0x10e70000 0x00 0x10000>,,<0x00 0xbe 0x04 0x00 0xbf 0x04 0x00 0xc0 0x04 0x00 0xc1 0x04>,,,<0x0f 0x00>,,,,,,,,,,,,,,,,,
sr1010-vendor-runtime/device-tree/runtime.dtb (dtc),1030,/soc/bdinfo@0,,bdinfo@0,"[""zxic,zx279133-board"", ""zxic,zx-board""]",,"""zxic,zx279133-board"", ""zxic,zx-board""",,,,,,,,,,,,,,,,,,,,,,,
sr1010-vendor-runtime/device-tree/runtime.dtb (dtc),1035,/soc/gpio@10d10000,,gpio@10d10000,"[""zte,zx-gpio""]",,"""zte,zx-gpio""",<0x00 0x10d10000 0x00 0x40>,,<0x00 0x22 0x04>,,,,,,,,,,,,,,,,,,,,
sr1010-vendor-runtime/device-tree/runtime.dtb (dtc),1044,/soc/gpio@10d10040,,gpio@10d10040,"[""zte,zx-gpio""]",,"""zte,zx-gpio""",<0x00 0x10d10040 0x00 0x40>,,<0x00 0x23 0x04>,,,,,,,,,,,,,,,,,,,,
sr1010-vendor-runtime/device-tree/runtime.dtb (dtc),1053,/soc/gpio@10d10080,,gpio@10d10080,"[""zte,zx-gpio""]",,"""zte,zx-gpio""",<0x00 0x10d10080 0x00 0x40>,,<0x00 0x24 0x04>,,,,,,,,,,,,,,,,,,,,
sr1010-vendor-runtime/device-tree/runtime.dtb (dtc),1062,/soc/gpio@10d100c0,,gpio@10d100c0,"[""zte,zx-gpio""]",,"""zte,zx-gpio""",<0x00 0x10d100c0 0x00 0x40>,,<0x00 0x25 0x04>,,,,,,,,,,,,,,,,,,,,
sr1010-vendor-runtime/device-tree/runtime.dtb (dtc),1071,/soc/gpio@10d10100,,gpio@10d10100,"[""zte,zx-gpio""]",,"""zte,zx-gpio""",<0x00 0x10d10100 0x00 0x40>,,<0x00 0x26 0x04>,,,,,,,,,,,,,,,,,,,,
sr1010-vendor-runtime/device-tree/runtime.dtb (dtc),1080,/soc/serial@10d0d000,,serial@10d0d000,"[""arm,sbsa-uart"", ""arm,pl011"", ""arm,primecell""]","""okay""","""arm,sbsa-uart"", ""arm,pl011"", ""arm,primecell""",<0x00 0x10d0d000 0x00 0x1000>,,<0x00 0x1f 0x04>,,,<0x11 0x01 0x11 0x00>,"""uartclk"", ""apb_pclk""",,,,,,,,,,,,,,,,
sr1010-vendor-runtime/device-tree/runtime.dtb (dtc),1094,/soc/serial@10d0e000,,serial@10d0e000,"[""arm,sbsa-uart"", ""arm,pl011"", ""arm,primecell""]","""disabled""","""arm,sbsa-uart"", ""arm,pl011"", ""arm,primecell""",<0x00 0x10d0e000 0x00 0x1000>,,<0x00 0x20 0x04>,,,<0x12 0x01 0x12 0x00>,"""uartclk"", ""apb_pclk""",,,,,,,,,,,,,,,,
sr1010-vendor-runtime/device-tree/runtime.dtb (dtc),1106,/soc/serial@10d11000,,serial@10d11000,"[""arm,sbsa-uart"", ""arm,pl011"", ""arm,primecell""]","""disabled""","""arm,sbsa-uart"", ""arm,pl011"", ""arm,primecell""",<0x00 0x10d11000 0x00 0x1000>,,<0x00 0x27 0x04>,,,<0x13 0x01 0x13 0x00>,"""uartclk"", ""apb_pclk""",,,,,,,,,,,,,,,,
sr1010-vendor-runtime/device-tree/runtime.dtb (dtc),1118,/soc/i2c@14f03000,,i2c@14f03000,"[""zte,zx-i2c""]","""okay""","""zte,zx-i2c""",<0x00 0x14f03000 0x00 0x1000>,,<0x00 0x2b 0x04>,,,<0x14 0x01>,"""i2cclk""",<0x14 0x00>,,,,,,,,,,,,,,,
sr1010-vendor-runtime/device-tree/runtime.dtb (dtc),1129,/soc/i2c@14f04000,,i2c@14f04000,"[""zte,zx-i2c""]","""okay""","""zte,zx-i2c""",<0x00 0x14f04000 0x00 0x1000>,,<0x00 0x2c 0x04>,,,<0x15 0x01>,"""i2cclk""",<0x15 0x00>,,,,,,,,,,,,,,,
sr1010-vendor-runtime/device-tree/runtime.dtb (dtc),1140,/soc/wdt@14f09000,,wdt@14f09000,"[""zte,lsp1-watchdog""]","""okay""","""zte,lsp1-watchdog""",<0x00 0x14f09000 0x00 0x1000>,,<0x00 0x35 0x04>,,,<0x16 0x01>,"""wdtclk""",,,,,,,,,,,,,,,,
sr1010-vendor-runtime/device-tree/runtime.dtb (dtc),1150,/soc/wdt@14f0a000,,wdt@14f0a000,"[""zte,lsp1-watchdog""]","""okay""","""zte,lsp1-watchdog""",<0x00 0x14f0a000 0x00 0x1000>,,<0x00 0x36 0x04>,,,<0x18 0x01>,"""wdtclk""",,,,,,,,,,,,,,,,
sr1010-vendor-runtime/device-tree/runtime.dtb (dtc),1160,/soc/i2s@14f0d000,,i2s@14f0d000,"[""zte,zx-i2s""]","""disabled""","""zte,zx-i2s""",<0x00 0x14f0d000 0x00 0x1000>,,<0x00 0x39 0x04>,,,<0x19 0x01 0x19 0x00>,"""i2s_wclk"", ""i2s_pclk""",,,,,,,,,,,,,,,,
sr1010-vendor-runtime/device-tree/runtime.dtb (dtc),1171,/soc/i2s@14f0e000,,i2s@14f0e000,"[""zte,zx-i2s""]","""disabled""","""zte,zx-i2s""",<0x00 0x14f0e000 0x00 0x1000>,,<0x00 0x3a 0x04>,,,<0x1b 0x01 0x1b 0x00>,"""i2s_wclk"", ""i2s_pclk""",,,,,,,,,,,,,,,,
sr1010-vendor-runtime/device-tree/runtime.dtb (dtc),1182,/soc/i2s@14f0f000,,i2s@14f0f000,"[""zte,zx-i2s""]","""disabled""","""zte,zx-i2s""",<0x00 0x14f0f000 0x00 0x1000>,,<0x00 0x3b 0x04>,,,<0x1d 0x01 0x1d 0x00>,"""i2s_wclk"", ""i2s_pclk""",,,,,,,,,,,,,,,,
sr1010-vendor-runtime/device-tree/runtime.dtb (dtc),1193,/soc/pwm@14f10000,,pwm@14f10000,"[""zte,zx-pwm""]","""disabled""","""zte,zx-pwm""",<0x00 0x14f10000 0x00 0x1000>,,,,,<0x1f 0x01 0x1f 0x00>,"""pwm_wclk"", ""pwm_pclk""",,,,,,,,,,,,,,,,
sr1010-vendor-runtime/device-tree/runtime.dtb (dtc),1205,/soc/regulator@cpu,,regulator@cpu,"[""pwm-regulator""]",,"""pwm-regulator""",,,,,,,,,,,,,,,,,,,,,,,
sr1010-vendor-runtime/device-tree/runtime.dtb (dtc),1217,/soc/efuse@14f11000,,efuse@14f11000,"[""zte,efuse"", ""zxic,zx-efuse"", ""syscon""]",,"""zte,efuse"", ""zxic,zx-efuse"", ""syscon""",<0x00 0x14f11000 0x00 0x1000>,,,,,<0x22 0x01 0x22 0x00>,"""efuse_wclk"", ""efuse_pclk""",,,,,,,,,,,,,,,,
sr1010-vendor-runtime/device-tree/runtime.dtb (dtc),1224,/soc/usb3@15008000,,usb3@15008000,"[""generic-xhci""]","""disabled""","""generic-xhci""",<0x00 0x15008000 0x00 0x4000>,,<0x00 0x3f 0x04>,,,<0x23 0x06 0x23 0x04>,"""core"", ""reg""",,,,,,,,,,,,,,,,
sr1010-vendor-runtime/device-tree/runtime.dtb (dtc),1234,/soc/usb3@15010000,,usb3@15010000,"[""generic-xhci""]","""okay""","""generic-xhci""",<0x00 0x15010000 0x00 0x4000>,,<0x00 0x41 0x04>,,,<0x23 0x06 0x23 0x04>,"""core"", ""reg""",,,,,,,,,,,,,,,,
sr1010-vendor-runtime/device-tree/runtime.dtb (dtc),1244,/soc/mdio@14f01000,,mdio@14f01000,"[""zte,zx-mdio""]","""okay""","""zte,zx-mdio""",<0x00 0x14f01000 0x00 0x1000>,,,,,<0x24 0x01>,,<0x24 0x00>,,,,,,,,,,,,,,,
sr1010-vendor-runtime/device-tree/runtime.dtb (dtc),1255,/soc/mdio@14f02000,,mdio@14f02000,"[""zte,zx-mdio""]","""okay""","""zte,zx-mdio""",<0x00 0x14f02000 0x00 0x1000>,,,,,<0x25 0x01>,,<0x25 0x00>,,,,,,,,,,,,,,,
sr1010-vendor-runtime/device-tree/runtime.dtb (dtc),1266,/soc/dwmmc0@0x08a00000,,dwmmc0@0x08a00000,"[""zte,zx296718-dw-mshc""]","""disabled""","""zte,zx296718-dw-mshc""",<0x00 0x8a00000 0x00 0x1000>,,<0x00 0x07 0x04>,,,<0x26 0x09 0x26 0x08 0x26 0x0a>,"""ciu"", ""biu"", ""fb_sdmmc_cdet_clk""",<0x27 0x02>,,,,,,,,,,,,,,,
sr1010-vendor-runtime/device-tree/runtime.dtb (dtc),1287,/soc/nand@01000000,,nand@01000000,"[""zxic,zx-denali-nand"", ""denali,denali-nand-dt""]","""disabled""","""zxic,zx-denali-nand"", ""denali,denali-nand-dt""",<0x00 0x1000000 0x00 0x80000 0x00 0x1080000 0x00 0x80000>,"""denali_reg"", ""nand_data""",<0x00 0x00 0x04>,,,<0x2a 0x26 0x05 0x26 0x05>,"""nand"", ""nand_x"", ""ecc""",<0x27 0x01>,"""top-reset""",,,,,,,,,,,,,,
sr1010-vendor-runtime/device-tree/runtime.dtb (dtc),1304,/soc/nand@01000000/partitions,,partitions,"[""dynamic-partitions""]",,"""dynamic-partitions""",,,,,,,,,,,,,,,,,,,,,,,
sr1010-vendor-runtime/device-tree/runtime.dtb (dtc),1311,/soc/spifc@0x10d0f000,,spifc@0x10d0f000,"[""zxic,zx-spifc""]","""okay""","""zxic,zx-spifc""",<0x00 0x10d0f000 0x00 0x40000>,,<0x00 0x21 0x04>,,,<0x2d 0x01>,"""wclk""",<0x2d 0x00>,,,,,,,,,,,,,,,
sr1010-vendor-runtime/device-tree/runtime.dtb (dtc),1327,/soc/spifc@0x10d0f000/spi-flash@0,,spi-flash@0,"[""spi-nand""]",,"""spi-nand""",<0x00>,,,,,,,,,,,,,,,,,,,,,,
sr1010-vendor-runtime/device-tree/runtime.dtb (dtc),1336,/soc/spifc@0x10d0f000/spi-flash@0/partitions,,partitions,"[""dynamic-partitions""]",,"""dynamic-partitions""",,,,,,,,,,,,,,,,,,,,,,,
sr1010-vendor-runtime/device-tree/runtime.dtb (dtc),1344,/soc/wifi0@f00000,,wifi0@f00000,"[""qcom,cnss-qcn9224""]","""ok""","""qcom,cnss-qcn9224""",,,,,,,,,,,,,,,,,,,,,,,
sr1010-vendor-runtime/device-tree/runtime.dtb (dtc),1356,/soc/wifi1@f00000,,wifi1@f00000,"[""qcom,cnss-qcn9224""]","""ok""","""qcom,cnss-qcn9224""",,,,,,,,,,,,,,,,,,,,,,,
sr1010-vendor-runtime/device-tree/runtime.dtb (dtc),1368,/soc/msi@1f000000,,msi@1f000000,"[""zte,msi-1.0-zxic""]","""disabled""","""zte,msi-1.0-zxic""",<0x00 0x1f000000 0x00 0x400000 0x00 0x15204000 0x00 0x1000 0x00 0x10e00000 0x00 0x04>,"""Dbi"", ""Phy"", ""vector_slave""",,,<0x01>,,,,,,,,,,,,,,,,,,
sr1010-vendor-runtime/device-tree/runtime.dtb (dtc),1380,/soc/pcie@15200000,,pcie@15200000,"[""zte,zx279133-pcie""]","""disabled""","""zte,zx279133-pcie""",<0x00 0x15200000 0x00 0x2000 0x00 0x15204000 0x00 0x1000 0x00 0x1f000000 0x00 0x400000 0x00 0x2f800000 0x00 0x800000 0x00 0x10e00000 0x00 0x04 0x00 0x10e00000 0x00 0x10000 0x00 0x10e10000 0x00 0x10000 0x00 0x600060 0x00 0x04>,"""Csr"", ""Phy"", ""Dbi"", ""Config"", ""Msi"", ""Sys"", ""Top"", ""Spimode""",<0x00 0x69 0x08>,,,,,,,,,,,,,,,,,,,,
sr1010-vendor-runtime/device-tree/runtime.dtb (dtc),1406,/soc/pcie@15200000/pcie0_rp,,pcie0_rp,[],"""ok""",,<0x00 0x00 0x00 0x00 0x00>,,,,,,,,,,,,,,,,,,,,,,
sr1010-vendor-runtime/device-tree/runtime.dtb (dtc),1410,"/soc/pcie@15200000/pcie0_rp/qcom,mhi@0",,"qcom,mhi@0",[],,,<0x00 0x00 0x00 0x00 0x00>,,,,,,,,,,,,,,,,,,,,,,
sr1010-vendor-runtime/device-tree/runtime.dtb (dtc),1417,/soc/msi@1f400000,,msi@1f400000,"[""zte,msi-1.0-zxic""]","""disabled""","""zte,msi-1.0-zxic""",<0x00 0x1f400000 0x00 0x400000 0x00 0x15204000 0x00 0x1000 0x00 0x10e00004 0x00 0x04>,"""Dbi"", ""Phy"", ""vector_slave""",,,<0x01>,,,,,,,,,,,,,,,,,,
sr1010-vendor-runtime/device-tree/runtime.dtb (dtc),1429,/soc/pcie@15202000,,pcie@15202000,"[""zte,zx279133-pcie""]","""disabled""","""zte,zx279133-pcie""",<0x00 0x15202000 0x00 0x2000 0x00 0x15204000 0x00 0x1000 0x00 0x1f400000 0x00 0x400000 0x00 0x3f800000 0x00 0x800000 0x00 0x10e00004 0x00 0x04 0x00 0x10e00000 0x00 0x10000 0x00 0x10e10000 0x00 0x10000 0x00 0x60006c 0x00 0x04>,"""Csr"", ""Phy"", ""Dbi"", ""Config"", ""Msi"", ""Sys"", ""Top"", ""Spimode""",<0x00 0x9c 0x08>,,,,,,,,,,,,,,,,,,,,
sr1010-vendor-runtime/device-tree/runtime.dtb (dtc),1455,/soc/pcie@15202000/pcie1_rp,,pcie1_rp,[],"""ok""",,<0x00 0x00 0x00 0x00 0x00>,,,,,,,,,,,,,,,,,,,,,,
sr1010-vendor-runtime/device-tree/runtime.dtb (dtc),1459,"/soc/pcie@15202000/pcie1_rp/qcom,mhi@1",,"qcom,mhi@1",[],,,<0x00 0x00 0x00 0x00 0x00>,,,,,,,,,,,,,,,,,,,,,,
sr1010-vendor-runtime/device-tree/runtime.dtb (dtc),1466,/soc/ssp@0x14f05000,,ssp@0x14f05000,"[""zte,zx27913x-ssp""]","""disabled""","""zte,zx27913x-ssp""",<0x00 0x14f05000 0x00 0x1000>,,<0x00 0x2d 0x04>,,,<0x33 0x01>,,<0x33 0x00>,,,,,,,,,,,,,,,
sr1010-vendor-runtime/device-tree/runtime.dtb (dtc),1481,/soc/ssp@0x14f05000/silicon@0,,silicon@0,"[""rohm,dh2228fv""]",,"""rohm,dh2228fv""",<0x00>,,,,,,,,,,,,,,,,,,,,,,
sr1010-vendor-runtime/device-tree/runtime.dtb (dtc),1488,/soc/ssp@0x14f06000,,ssp@0x14f06000,"[""zte,zx27913x-ssp""]","""disabled""","""zte,zx27913x-ssp""",<0x00 0x14f06000 0x00 0x1000>,,<0x00 0x2e 0x04>,,,<0x35 0x01>,,<0x35 0x00>,,,,,,,,,,,,,,,
sr1010-vendor-runtime/device-tree/runtime.dtb (dtc),1503,/soc/ssp@0x14f06000/silicon@1,,silicon@1,"[""rohm,dh2228fv""]",,"""rohm,dh2228fv""",<0x00>,,,,,,,,,,,,,,,,,,,,,,
sr1010-vendor-runtime/device-tree/runtime.dtb (dtc),1510,/soc/tdm@0x14f07000,,tdm@0x14f07000,"[""zte,zx27913x-tdm""]","""disabled""","""zte,zx27913x-tdm""",<0x00 0x14f07000 0x00 0x1000>,,<0x00 0x2f 0x04>,,,<0x37 0x01 0x38 0x01 0x39 0x01>,"""tdmclk"", ""zsiclk"", ""isiclk""",<0x37 0x00 0x37 0x01>,,,,,,,,,,,,,,,
sr1010-vendor-runtime/device-tree/runtime.dtb (dtc),1526,/soc/tdm@0x14f08000,,tdm@0x14f08000,"[""zte,zx27913x-tdm""]","""disabled""","""zte,zx27913x-tdm""",<0x00 0x14f08000 0x00 0x1000>,,<0x00 0x30 0x04>,,,<0x3d 0x01 0x3e 0x01 0x3f 0x01>,"""tdmclk"", ""zsiclk"", ""isiclk""",<0x3d 0x00 0x3d 0x01>,,,,,,,,,,,,,,,
sr1010-vendor-runtime/device-tree/runtime.dtb (dtc),1542,/soc/pon_plat,,pon_plat,"[""zxic,pon-plat""]",,"""zxic,pon-plat""",,,,,,,,,,,,,,,,,,,,,,,
sr1010-vendor-runtime/device-tree/runtime.dtb (dtc),1546,/soc/leds,,leds,"[""zxic,zx-leds""]",,"""zxic,zx-leds""",,,,,,,,,,,,,,,,,,,,,,,
sr1010-vendor-runtime/device-tree/runtime.dtb (dtc),1550,/soc/keys,,keys,"[""zxic,gpio-keys""]",,"""zxic,gpio-keys""",,,,,,,,,,,,,,,,,,,,,,,
sr1010-vendor-runtime/device-tree/runtime.dtb (dtc),1554,/soc/key_maps,,key_maps,"[""zxic,gpio-key-evdev""]",,"""zxic,gpio-key-evdev""",,,,,,,,,,,,,,,,,,,,,,,
sr1010-vendor-runtime/device-tree/runtime.dtb (dtc),1558,/soc/pon@17000000,,pon@17000000,"[""zte,zx279133-pon""]","""okay""","""zte,zx279133-pon""",<0x00 0x17000000 0x00 0x1000000 0x00 0x10e00000 0x00 0x1000 0x00 0x10e10000 0x00 0x10000 0x00 0x10e20000 0x00 0x1000 0x00 0x14f11000 0x00 0x1000>,,<0x00 0x06 0x04>,,,,,,,,,,,,,,,,,,,,
sr1010-vendor-runtime/device-tree/runtime.dtb (dtc),1565,/soc/pps@18000000,,pps@18000000,"[""zte,zx279133-pps""]","""disabled""","""zte,zx279133-pps""",<0x00 0x18000000 0x00 0x1000000>,,<0x00 0x3d 0x04 0x00 0x3e 0x04>,,,,,,,,,,,,,,,,,,,,
sr1010-vendor-runtime/device-tree/runtime.dtb (dtc),1572,/soc/nppt@19000000,,nppt@19000000,"[""zte,zx279133-nppt""]","""disabled""","""zte,zx279133-nppt""",<0x00 0x19000000 0x00 0x1000000>,,<0x00 0x05 0x04>,,,,,,,,,,,,,,,,,,,,
sr1010-vendor-runtime/device-tree/runtime.dtb (dtc),1579,/soc/rgmii@15900000,,rgmii@15900000,"[""zte,zx279133-rgmii""]","""disabled""","""zte,zx279133-rgmii""",<0x00 0x15900000 0x00 0x100000>,,,,,,,,,,,,,,,,,,,,,,
sr1010-vendor-runtime/device-tree/runtime.dtb (dtc),1585,/soc/pon_serdes@16000000,,pon_serdes@16000000,"[""zte,zx279133-pon_serdes""]","""disabled""","""zte,zx279133-pon_serdes""",<0x00 0x16000000 0x00 0x10000>,,,,,,,,,,,,,,,,,,,,,,
sr1010-vendor-runtime/device-tree/runtime.dtb (dtc),1591,/soc/pon_serdes_pll@16010000,,pon_serdes_pll@16010000,"[""zte,zx279133-pon_serdes_pll""]","""disabled""","""zte,zx279133-pon_serdes_pll""",<0x00 0x16010000 0x00 0x10000>,,,,,,,,,,,,,,,,,,,,,,
sr1010-vendor-runtime/device-tree/runtime.dtb (dtc),1597,/soc/uni_serdes@16100000,,uni_serdes@16100000,"[""zte,zx279133-uni_serdes""]","""disabled""","""zte,zx279133-uni_serdes""",<0x00 0x16100000 0x00 0x100000>,,,,,,,,,,,,,,,,,,,,,,
sr1010-vendor-runtime/device-tree/runtime.dtb (dtc),1603,/soc/pcu@10e30000,,pcu@10e30000,"[""zte,zx279133-pcu""]","""disabled""","""zte,zx279133-pcu""",<0x00 0x10e30000 0x00 0x10000>,,,,,,,,,,,,,,,,,,,,,,
sr1010-vendor-runtime/device-tree/runtime.dtb (dtc),1609,/soc/gephy_apb@15400000,,gephy_apb@15400000,"[""zte,zx279133-gephy-apb""]","""disabled""","""zte,zx279133-gephy-apb""",<0x00 0x15400000 0x00 0x500000>,,,,,,,,,,,,,,,,,,,,,,
sr1010-vendor-runtime/device-tree/runtime.dtb (dtc),1615,/soc/ipsec@12000000,,ipsec@12000000,"[""zte,zx279133-ipsec""]","""disabled""","""zte,zx279133-ipsec""",<0x00 0x12000000 0x00 0x1000000 0x00 0x13000000 0x00 0x1000000>,,<0x00 0xae 0x04 0x00 0xaf 0x04 0x00 0xb0 0x04 0x00 0xb1 0x04 0x00 0xb2 0x04 0x00 0xb3 0x04 0x00 0xb4 0x04 0x00 0xb5 0x04 0x00 0xb6 0x04 0x00 0xb7 0x04 0x00 0xb8 0x04>,,,,,,,,,,,,,,,,,,,,
sr1010-vendor-runtime/device-tree/runtime.dtb (dtc),1624,/soc/idm@19280000,,idm@19280000,"[""zte,zx279133-idm-intr""]","""disabled""","""zte,zx279133-idm-intr""",,,<0x00 0x01 0x04 0x00 0x02 0x04 0x00 0x03 0x04 0x00 0x04 0x04>,,,,,,,,,,,,,,,,,,,,
sr1010-vendor-runtime/device-tree/runtime.dtb (dtc),1630,/soc/xpcs@1a000000,,xpcs@1a000000,"[""zte,zx279133-xmac0-pcs""]","""disabled""","""zte,zx279133-xmac0-pcs""",<0x00 0x1a000000 0x00 0x2000000>,,,,,,,,,,,,,,,,,,,,,,
sr1010-vendor-runtime/device-tree/runtime.dtb (dtc),1636,/soc/se@18040000,,se@18040000,"[""zte,zx279133-se-ddr""]","""okay""","""zte,zx279133-se-ddr""",,,,,,,,,,,,,,,,,,,,,,,
sr1010-vendor-runtime/device-tree/runtime.dtb (dtc),1647,/soc/woe@19240000,,woe@19240000,"[""zte,zx279133-woe-ddr""]","""okay""","""zte,zx279133-woe-ddr""",,,<0x00 0xac 0x04 0x00 0xad 0x04>,,,,,,,,,,,,,,,,,,,,
sr1010-vendor-runtime/device-tree/runtime.dtb (dtc),1653,/soc/bmu@1903c000,,bmu@1903c000,"[""zte,zx279133-bmu-ddr""]","""okay""","""zte,zx279133-bmu-ddr""",,,,,,,,,,,,,,,,,,,,,,,
sr1010-vendor-runtime/device-tree/runtime.dtb (dtc),1673,/part@256/partition@whole,,partition@whole,[],,,<0x00 0x10000000>,,,,,,,,,,,,,,,,,,,,,,
sr1010-vendor-runtime/device-tree/runtime.dtb (dtc),1678,/part@256/partition@bootloader,,partition@bootloader,[],,,<0x00 0x100000>,,,,,,,,,,,,,,,,,,,,,,
sr1010-vendor-runtime/device-tree/runtime.dtb (dtc),1683,/part@256/partition@tag,,partition@tag,[],,,<0x100000 0x100000>,,,,,,,,,,,,,,,,,,,,,,
sr1010-vendor-runtime/device-tree/runtime.dtb (dtc),1688,/part@256/partition@usercfg,,partition@usercfg,[],,,<0x200000 0x200000>,,,,,,,,,,,,,,,,,,,,,,
sr1010-vendor-runtime/device-tree/runtime.dtb (dtc),1693,/part@256/partition@defcfg,,partition@defcfg,[],,,<0x400000 0x200000>,,,,,,,,,,,,,,,,,,,,,,
sr1010-vendor-runtime/device-tree/runtime.dtb (dtc),1698,/part@256/partition@kern0,,partition@kern0,[],,,<0x600000 0x2900000>,,,,,,,,,,,,,,,,,,,,,,
sr1010-vendor-runtime/device-tree/runtime.dtb (dtc),1703,/part@256/partition@kern1,,partition@kern1,[],,,<0x2f00000 0x2900000>,,,,,,,,,,,,,,,,,,,,,,
sr1010-vendor-runtime/device-tree/runtime.dtb (dtc),1708,/part@256/partition@rootfs0,,partition@rootfs0,[],,,<0x600000 0x2900000>,,,,,,,,,,,,,,,,,,,,,,
sr1010-vendor-runtime/device-tree/runtime.dtb (dtc),1713,/part@256/partition@rootfs1,,partition@rootfs1,[],,,<0x2f00000 0x2900000>,,,,,,,,,,,,,,,,,,,,,,
sr1010-vendor-runtime/device-tree/runtime.dtb (dtc),1718,/part@256/partition@Plugin,,partition@Plugin,[],,,<0x5800000 0x2800000>,,,,,,,,,,,,,,,,,,,,,,
sr1010-vendor-runtime/device-tree/runtime.dtb (dtc),1729,/part@128/partition@whole,,partition@whole,[],,,<0x00 0x8000000>,,,,,,,,,,,,,,,,,,,,,,
sr1010-vendor-runtime/device-tree/runtime.dtb (dtc),1734,/part@128/partition@bootloader,,partition@bootloader,[],,,<0x00 0x100000>,,,,,,,,,,,,,,,,,,,,,,
sr1010-vendor-runtime/device-tree/runtime.dtb (dtc),1739,/part@128/partition@tag,,partition@tag,[],,,<0x100000 0x100000>,,,,,,,,,,,,,,,,,,,,,,
sr1010-vendor-runtime/device-tree/runtime.dtb (dtc),1744,/part@128/partition@usercfg,,partition@usercfg,[],,,<0x200000 0x200000>,,,,,,,,,,,,,,,,,,,,,,
sr1010-vendor-runtime/device-tree/runtime.dtb (dtc),1749,/part@128/partition@defcfg,,partition@defcfg,[],,,<0x400000 0x200000>,,,,,,,,,,,,,,,,,,,,,,
sr1010-vendor-runtime/device-tree/runtime.dtb (dtc),1754,/part@128/partition@kern0,,partition@kern0,[],,,<0x600000 0x2900000>,,,,,,,,,,,,,,,,,,,,,,
sr1010-vendor-runtime/device-tree/runtime.dtb (dtc),1759,/part@128/partition@kern1,,partition@kern1,[],,,<0x2f00000 0x2900000>,,,,,,,,,,,,,,,,,,,,,,
sr1010-vendor-runtime/device-tree/runtime.dtb (dtc),1764,/part@128/partition@rootfs0,,partition@rootfs0,[],,,<0x600000 0x2900000>,,,,,,,,,,,,,,,,,,,,,,
sr1010-vendor-runtime/device-tree/runtime.dtb (dtc),1769,/part@128/partition@rootfs1,,partition@rootfs1,[],,,<0x2f00000 0x2900000>,,,,,,,,,,,,,,,,,,,,,,
sr1010-vendor-runtime/device-tree/runtime.dtb (dtc),1774,/part@128/partition@Plugin,,partition@Plugin,[],,,<0x5800000 0x2800000>,,,,,,,,,,,,,,,,,,,,,,
linux-6.18.38/arch/arm64/boot/dts/zte/zx279133.dtsi,9,/,,/,"[""zte,zx279133""]",,"""zte,zx279133""",,,,,<&gic>,,,,,,,,,,,,,,,,,,
linux-6.18.38/arch/arm64/boot/dts/zte/zx279133.dtsi,15,/oscillator-25m,osc25m,oscillator-25m,"[""fixed-clock""]",,"""fixed-clock""",,,,,,,,,,,,,,,,,,,,,,,
linux-6.18.38/arch/arm64/boot/dts/zte/zx279133.dtsi,22,/clock-pll-lsp-2000m,pll_lsp,clock-pll-lsp-2000m,"[""fixed-clock""]",,"""fixed-clock""",,,,,,,,,,,,,,,,,,,,,,,
linux-6.18.38/arch/arm64/boot/dts/zte/zx279133.dtsi,29,/clock-pll-1376m256,pll_1376m,clock-pll-1376m256,"[""fixed-clock""]",,"""fixed-clock""",,,,,,,,,,,,,,,,,,,,,,,
linux-6.18.38/arch/arm64/boot/dts/zte/zx279133.dtsi,36,/clock-pll-fpp-2500m,pll_fpp,clock-pll-fpp-2500m,"[""fixed-clock""]",,"""fixed-clock""",,,,,,,,,,,,,,,,,,,,,,,
linux-6.18.38/arch/arm64/boot/dts/zte/zx279133.dtsi,44,/clock-pll-cpu-2000m,pll_cpu,clock-pll-cpu-2000m,"[""fixed-clock""]",,"""fixed-clock""",,,,,,,,,,,,,,,,,,,,,,,
linux-6.18.38/arch/arm64/boot/dts/zte/zx279133.dtsi,55,/cpus/cpu@0,,cpu@0,"[""arm,cortex-a53""]",,"""arm,cortex-a53""",<0x0 0x0>,,,,,<&topcrm ZX279133_TOPCRM_CLK_A53_MCLK>,,,,,,,,,,,,,,,,,
linux-6.18.38/arch/arm64/boot/dts/zte/zx279133.dtsi,63,/cpus/cpu@1,,cpu@1,"[""arm,cortex-a53""]",,"""arm,cortex-a53""",<0x0 0x1>,,,,,<&topcrm ZX279133_TOPCRM_CLK_A53_MCLK>,,,,,,,,,,,,,,,,,
linux-6.18.38/arch/arm64/boot/dts/zte/zx279133.dtsi,72,/psci,,psci,"[""arm,psci-0.2""]",,"""arm,psci-0.2""",,,,,,,,,,,,,,,,,,,,,,,
linux-6.18.38/arch/arm64/boot/dts/zte/zx279133.dtsi,77,/interrupt-controller@500000,gic,interrupt-controller@500000,"[""arm,gic-v3""]",,"""arm,gic-v3""","<0x0 0x00500000 0x0 0x10000>, <0x0 0x00540000 0x0 0x80000>",,<GIC_PPI 9 IRQ_TYPE_LEVEL_HIGH>,,,,,,,,,,,,,,,,,,,,
linux-6.18.38/arch/arm64/boot/dts/zte/zx279133.dtsi,88,/timer,,timer,"[""arm,armv8-timer""]",,"""arm,armv8-timer""",,,"<GIC_PPI 13 (GIC_CPU_MASK_SIMPLE(2) | IRQ_TYPE_LEVEL_LOW)>, <GIC_PPI 14 (GIC_CPU_MASK_SIMPLE(2) | IRQ_TYPE_LEVEL_LOW)>, <GIC_PPI 11 (GIC_CPU_MASK_SIMPLE(2) | IRQ_TYPE_LEVEL_LOW)>, <GIC_PPI 10 (GIC_CPU_MASK_SIMPLE(2) | IRQ_TYPE_LEVEL_LOW)>",,,,,,,,,,,,,,,,,,,,
linux-6.18.38/arch/arm64/boot/dts/zte/zx279133.dtsi,100,/soc,,soc,"[""simple-bus""]",,"""simple-bus""",,,,,,,,,,,,,,,,,,,,,,,
linux-6.18.38/arch/arm64/boot/dts/zte/zx279133.dtsi,106,/soc/clock-controller@10e10000,topcrm,clock-controller@10e10000,"[""zte,zx279133-topcrm"", ""syscon""]",,"""zte,zx279133-topcrm"", ""syscon""",<0x0 0x10e10000 0x0 0x60>,,,,,"<&osc25m>, <&pll_lsp>, <&pll_1376m>, <&pll_fpp>, <&pll_cpu>","""osc25m"", ""pll-lsp"", ""pll-1376m"", ""pll-fpp"", ""pll-cpu""",,,,,,,,,,,,,,,,
linux-6.18.38/arch/arm64/boot/dts/zte/zx279133.dtsi,116,/soc/syscon@10e00078,idm_cci,syscon@10e00078,"[""zte,zx279133-idm-cci"", ""syscon""]",,"""zte,zx279133-idm-cci"", ""syscon""",<0x0 0x10e00078 0x0 0x8>,,,,,,,,,,,,,,,,,,,,,,
linux-6.18.38/arch/arm64/boot/dts/zte/zx279133.dtsi,121,/soc/reset-controller@10e10060,top_reset,reset-controller@10e10060,"[""zte,zx296718-reset""]",,"""zte,zx296718-reset""",<0x0 0x10e10060 0x0 0x4>,,,,,,,,,,,,,,,,,,,,,,
linux-6.18.38/arch/arm64/boot/dts/zte/zx279133.dtsi,127,/soc/reset-controller@10e10070,local_reset,reset-controller@10e10070,"[""zte,zx296718-reset""]",,"""zte,zx296718-reset""",<0x0 0x10e10070 0x0 0x8>,,,,,,,,,,,,,,,,,,,,,,
linux-6.18.38/arch/arm64/boot/dts/zte/zx279133.dtsi,133,/soc/syscon@10e10208,topcrm_wdt,syscon@10e10208,"[""zte,zx279133-wdt-reset"", ""syscon""]",,"""zte,zx279133-wdt-reset"", ""syscon""",<0x0 0x10e10208 0x0 0x4>,,,,,,,,,,,,,,,,,,,,,,
linux-6.18.38/arch/arm64/boot/dts/zte/zx279133.dtsi,138,/soc/clock-controller@10d00000,lsp0_clk,clock-controller@10d00000,"[""zte,zx279133-lsp-clk"", ""syscon""]",,"""zte,zx279133-lsp-clk"", ""syscon""",<0x0 0x10d00000 0x0 0x100>,,,,,"<&topcrm ZX279133_TOPCRM_CLK_LSP0_PCLK>, <&topcrm ZX279133_TOPCRM_CLK_LSP0_25M>, <&topcrm ZX279133_TOPCRM_CLK_LSP0_100M>, <&topcrm ZX279133_TOPCRM_CLK_SPIFC_WCLK>","""pclk"", ""wclk25"", ""wclk100"", ""spifc_wclk""",,,,,,,,,,,,,,,,
linux-6.18.38/arch/arm64/boot/dts/zte/zx279133.dtsi,150,/soc/serial@10d0d000,uart0,serial@10d0d000,"[""zte,zx279133-uart"", ""arm,pl011"", ""arm,primecell""]","""disabled""","""zte,zx279133-uart"", ""arm,pl011"", ""arm,primecell""",<0x0 0x10d0d000 0x0 0x1000>,,<GIC_SPI 31 IRQ_TYPE_LEVEL_HIGH>,,,"<&lsp0_clk ZX279133_LSP_CLK_UART0_WCLK>, <&lsp0_clk ZX279133_LSP_CLK_UART0_PCLK>","""uartclk"", ""apb_pclk""",<&lsp0_clk ZX279133_LSP_RESET_UART0>,,,,,,,,,,,,,,,
linux-6.18.38/arch/arm64/boot/dts/zte/zx279133.dtsi,167,/soc/temperature-sensor@10e70000,pvt,temperature-sensor@10e70000,"[""zte,zx279133-pvt""]","""disabled""","""zte,zx279133-pvt""",<0x0 0x10e70000 0x0 0x10000>,,,,,"<&topcrm ZX279133_TOPCRM_CLK_PVT_PCLK>, <&topcrm ZX279133_TOPCRM_CLK_TEMPSENSOR_WCLK>","""pclk"", ""wclk""",,,,,,,,,,,,,,,<&pvt_ttrim>,"""ttrim"""
linux-6.18.38/arch/arm64/boot/dts/zte/zx279133.dtsi,179,/soc/pinctrl@10e20000,pinctrl,pinctrl@10e20000,"[""zte,zx279133-pinctrl""]",,"""zte,zx279133-pinctrl""",<0x0 0x10e20000 0x0 0x1000>,,,,,,,,,,,,,,,,,,,,,,
linux-6.18.38/arch/arm64/boot/dts/zte/zx279133.dtsi,190,/soc/gpio@10d10000,gpio0,gpio@10d10000,"[""zte,zx279133-gpio""]",,"""zte,zx279133-gpio""",<0x0 0x10d10000 0x0 0x40>,,<GIC_SPI 34 IRQ_TYPE_LEVEL_HIGH>,,,,,,,,,,,,,,,,,,,,
linux-6.18.38/arch/arm64/boot/dts/zte/zx279133.dtsi,203,/soc/gpio@10d10040,gpio1,gpio@10d10040,"[""zte,zx279133-gpio""]",,"""zte,zx279133-gpio""",<0x0 0x10d10040 0x0 0x40>,,<GIC_SPI 35 IRQ_TYPE_LEVEL_HIGH>,,,,,,,,,,,,,,,,,,,,
linux-6.18.38/arch/arm64/boot/dts/zte/zx279133.dtsi,216,/soc/gpio@10d10080,gpio2,gpio@10d10080,"[""zte,zx279133-gpio""]",,"""zte,zx279133-gpio""",<0x0 0x10d10080 0x0 0x40>,,<GIC_SPI 36 IRQ_TYPE_LEVEL_HIGH>,,,,,,,,,,,,,,,,,,,,
linux-6.18.38/arch/arm64/boot/dts/zte/zx279133.dtsi,228,/soc/gpio@10d100c0,gpio3,gpio@10d100c0,"[""zte,zx279133-gpio""]",,"""zte,zx279133-gpio""",<0x0 0x10d100c0 0x0 0x40>,,<GIC_SPI 37 IRQ_TYPE_LEVEL_HIGH>,,,,,,,,,,,,,,,,,,,,
linux-6.18.38/arch/arm64/boot/dts/zte/zx279133.dtsi,240,/soc/gpio@10d10100,gpio4,gpio@10d10100,"[""zte,zx279133-gpio""]",,"""zte,zx279133-gpio""",<0x0 0x10d10100 0x0 0x40>,,<GIC_SPI 38 IRQ_TYPE_LEVEL_HIGH>,,,,,,,,,,,,,,,,,,,,
linux-6.18.38/arch/arm64/boot/dts/zte/zx279133.dtsi,252,/soc/spi@10d0f000,spifc,spi@10d0f000,"[""zte,zx279133-sfc""]","""disabled""","""zte,zx279133-sfc""",<0x0 0x10d0f000 0x0 0x1000>,,<GIC_SPI 33 IRQ_TYPE_LEVEL_HIGH>,,,"<&lsp0_clk ZX279133_LSP_CLK_SPIFC_PCLK>, <&lsp0_clk ZX279133_LSP_CLK_SPIFC_WCLK>","""pclk"", ""wclk""",<&lsp0_clk ZX279133_LSP_RESET_SPIFC>,,,,,,,,,,,,,,,
linux-6.18.38/arch/arm64/boot/dts/zte/zx279133.dtsi,268,/soc/spi@10d0f000/flash@0,,flash@0,"[""spi-nand""]",,"""spi-nand""",<0>,,,,,,,,,,,,,,,,,,,,,,
linux-6.18.38/arch/arm64/boot/dts/zte/zx279133.dtsi,273,/soc/spi@10d0f000/flash@0/partitions,,partitions,"[""fixed-partitions""]",,"""fixed-partitions""",,,,,,,,,,,,,,,,,,,,,,,
linux-6.18.38/arch/arm64/boot/dts/zte/zx279133.dtsi,278,/soc/spi@10d0f000/flash@0/partitions/partition@0,,partition@0,[],,,<0x000000 0x100000>,,,,,,,,,,,,,,,,,,,,,,
linux-6.18.38/arch/arm64/boot/dts/zte/zx279133.dtsi,284,/soc/spi@10d0f000/flash@0/partitions/partition@100000,,partition@100000,[],,,<0x100000 0x100000>,,,,,,,,,,,,,,,,,,,,,,
linux-6.18.38/arch/arm64/boot/dts/zte/zx279133.dtsi,289,/soc/spi@10d0f000/flash@0/partitions/partition@200000,,partition@200000,[],,,<0x200000 0x200000>,,,,,,,,,,,,,,,,,,,,,,
linux-6.18.38/arch/arm64/boot/dts/zte/zx279133.dtsi,295,/soc/spi@10d0f000/flash@0/partitions/partition@400000,,partition@400000,[],,,<0x400000 0x200000>,,,,,,,,,,,,,,,,,,,,,,
linux-6.18.38/arch/arm64/boot/dts/zte/zx279133.dtsi,301,/soc/spi@10d0f000/flash@0/partitions/partition@600000,,partition@600000,[],,,<0x600000 0x2900000>,,,,,,,,,,,,,,,,,,,,,,
linux-6.18.38/arch/arm64/boot/dts/zte/zx279133.dtsi,307,/soc/spi@10d0f000/flash@0/partitions/partition@2f00000,,partition@2f00000,[],,,<0x2f00000 0x2900000>,,,,,,,,,,,,,,,,,,,,,,
linux-6.18.38/arch/arm64/boot/dts/zte/zx279133.dtsi,313,/soc/spi@10d0f000/flash@0/partitions/partition@5800000,,partition@5800000,[],,,<0x5800000 0x2800000>,,,,,,,,,,,,,,,,,,,,,,
linux-6.18.38/arch/arm64/boot/dts/zte/zx279133.dtsi,322,/soc/usb3@15010000,usb3,usb3@15010000,"[""zte,zx279133-xhci""]","""disabled""","""zte,zx279133-xhci""",<0x0 0x15010000 0x0 0x4000>,,<GIC_SPI 65 IRQ_TYPE_LEVEL_HIGH>,,,"<&topcrm ZX279133_TOPCRM_CLK_USB_ACLK>, <&topcrm ZX279133_TOPCRM_CLK_USB_PCLK>, <&topcrm ZX279133_TOPCRM_CLK_USB_CCI_ACLK>","""core"", ""reg"", ""cci""",,,,,,,,,,,,,,,,
linux-6.18.38/arch/arm64/boot/dts/zte/zx279133.dtsi,334,/soc/clock-controller@14f00000,lsp1_clk,clock-controller@14f00000,"[""zte,zx279133-lsp1-clk""]",,"""zte,zx279133-lsp1-clk""",<0x0 0x14f00000 0x0 0x100>,,,,,"<&topcrm ZX279133_TOPCRM_CLK_LSP1_PCLK>, <&topcrm ZX279133_TOPCRM_CLK_LSP1_32K>, <&topcrm ZX279133_TOPCRM_CLK_LSP1_25M>, <&topcrm ZX279133_TOPCRM_CLK_LSP1_100M>","""pclk"", ""wclk32k"", ""wclk25m"", ""wclk100m""",,,,,,,,,,,,,,,,
linux-6.18.38/arch/arm64/boot/dts/zte/zx279133.dtsi,346,/soc/mdio@14f01000,mdio0,mdio@14f01000,"[""zte,zx279133-mdio""]","""disabled""","""zte,zx279133-mdio""",<0x0 0x14f01000 0x0 0x1000>,,,,,"<&lsp1_clk ZX279133_LSP1_CLK_MDIO0_PCLK>, <&lsp1_clk ZX279133_LSP1_CLK_MDIO0_WCLK>","""pclk"", ""wclk""",<&lsp1_clk ZX279133_LSP1_RESET_MDIO0>,,,,,,,,,,,,,,,
linux-6.18.38/arch/arm64/boot/dts/zte/zx279133.dtsi,358,/soc/mdio@14f02000,mdio1,mdio@14f02000,"[""zte,zx279133-mdio""]","""disabled""","""zte,zx279133-mdio""",<0x0 0x14f02000 0x0 0x1000>,,,,,"<&lsp1_clk ZX279133_LSP1_CLK_MDIO1_PCLK>, <&lsp1_clk ZX279133_LSP1_CLK_MDIO1_WCLK>","""pclk"", ""wclk""",<&lsp1_clk ZX279133_LSP1_RESET_MDIO1>,,,,,,,,,,,,,,,
linux-6.18.38/arch/arm64/boot/dts/zte/zx279133.dtsi,370,/soc/pwm@14f10000,pwm,pwm@14f10000,"[""zte,zx279133-pwm""]","""disabled""","""zte,zx279133-pwm""",<0x0 0x14f10000 0x0 0x1000>,,,,,"<&lsp1_clk ZX279133_LSP1_CLK_PWM_PCLK>, <&lsp1_clk ZX279133_LSP1_CLK_PWM_WCLK>","""pclk"", ""wclk""",,,,,,,,,,,,,,,,
linux-6.18.38/arch/arm64/boot/dts/zte/zx279133.dtsi,380,/soc/efuse@14f11000,efuse,efuse@14f11000,"[""zte,zx279133-efuse""]",,"""zte,zx279133-efuse""",<0x0 0x14f11000 0x0 0x1000>,,,,,"<&lsp1_clk ZX279133_LSP1_CLK_EFUSE_PCLK>, <&lsp1_clk ZX279133_LSP1_CLK_EFUSE_WCLK>","""pclk"", ""wclk""",,,,,,,,,,,,,,,,
linux-6.18.38/arch/arm64/boot/dts/zte/zx279133.dtsi,388,/soc/efuse@14f11000/nvmem-layout,,nvmem-layout,"[""fixed-layout""]",,"""fixed-layout""",,,,,,,,,,,,,,,,,,,,,,,
linux-6.18.38/arch/arm64/boot/dts/zte/zx279133.dtsi,393,/soc/efuse@14f11000/nvmem-layout/calibration@44,pvt_ttrim,calibration@44,[],,,<0x44 0x4>,,,,,,,,,,,,,,,,,,,,,,
linux-6.18.38/arch/arm64/boot/dts/zte/zx279133.dtsi,400,/soc/watchdog@14f09000,watchdog0,watchdog@14f09000,"[""zte,zx279133-watchdog""]","""okay""","""zte,zx279133-watchdog""",<0x0 0x14f09000 0x0 0x1000>,,,,,"<&lsp1_clk ZX279133_LSP1_CLK_WDT0_PCLK>, <&lsp1_clk ZX279133_LSP1_CLK_WDT0_WCLK>","""pclk"", ""wdtclk""",,,,,,,,,,,,,,,,
linux-6.18.38/arch/arm64/boot/dts/zte/zx279133.dtsi,414,/soc/watchdog@14f0a000,watchdog1,watchdog@14f0a000,"[""zte,zx279133-watchdog""]","""disabled""","""zte,zx279133-watchdog""",<0x0 0x14f0a000 0x0 0x1000>,,,,,"<&lsp1_clk ZX279133_LSP1_CLK_WDT1_PCLK>, <&lsp1_clk ZX279133_LSP1_CLK_WDT1_WCLK>","""pclk"", ""wdtclk""",,,,,,,,,,,,,,,,
linux-6.18.38/arch/arm64/boot/dts/zte/zx279133.dtsi,427,/soc/phy@16000000,pon_serdes,phy@16000000,"[""zte,zx279133-pon-serdes""]","""disabled""","""zte,zx279133-pon-serdes""","<0x0 0x16000000 0x0 0x10000>, <0x0 0x16010000 0x0 0x10000>, <0x0 0x10e100c0 0x0 0x8>","""serdes"", ""pll"", ""topcrm-mode""",,,,<&topcrm ZX279133_TOPCRM_CLK_PON_SERDES_PCLK>,"""pclk""","<&local_reset ZX279133_LOCAL_RESET_PON_SERDES>, <&local_reset ZX279133_LOCAL_RESET_PON_SERDES_APB>","""serdes"", ""apb""",,,,,,,,,,,,,,
linux-6.18.38/arch/arm64/boot/dts/zte/zx279133.dtsi,443,/soc/syscon@17000080,pon_route,syscon@17000080,"[""zte,zx279133-pon-route"", ""syscon""]",,"""zte,zx279133-pon-route"", ""syscon""",<0x0 0x17000080 0x0 0x4>,,,,,,,,,,,,,,,,,,,,,,
linux-6.18.38/arch/arm64/boot/dts/zte/zx279133.dtsi,448,/soc/phy@16100000,uni_serdes,phy@16100000,"[""zte,zx279133-uni-serdes""]","""disabled""","""zte,zx279133-uni-serdes""",<0x0 0x16100000 0x0 0x100000>,,,,,"<&topcrm ZX279133_TOPCRM_CLK_UNI_SERDES_PCLK>, <&topcrm ZX279133_TOPCRM_CLK_UNI_SERDES_50M>","""pclk"", ""ref50m""","<&local_reset ZX279133_LOCAL_RESET_UNI_SERDES_RX>, <&local_reset ZX279133_LOCAL_RESET_UNI_SERDES_TX>","""rx"", ""tx""",,,,,,,,,,,,,,
linux-6.18.38/arch/arm64/boot/dts/zte/zx279133.dtsi,461,/soc/ethernet@19000000,nppt,ethernet@19000000,"[""zte,zx279133-nppt""]","""disabled""","""zte,zx279133-nppt""","<0x0 0x19000000 0x0 0x1000000>, <0x0 0x18000000 0x0 0x1000000>","""nppt"", ""pps""","<GIC_SPI 5 IRQ_TYPE_LEVEL_HIGH>, <GIC_SPI 1 IRQ_TYPE_LEVEL_HIGH>, <GIC_SPI 2 IRQ_TYPE_LEVEL_HIGH>, <GIC_SPI 3 IRQ_TYPE_LEVEL_HIGH>, <GIC_SPI 4 IRQ_TYPE_LEVEL_HIGH>","""nppt"", ""rx"", ""idm"", ""buffer-release"", ""local-test""",,"<&topcrm ZX279133_TOPCRM_CLK_PON_IDM_ACLK>, <&topcrm ZX279133_TOPCRM_CLK_PON_TM_ACLK>, <&topcrm ZX279133_TOPCRM_CLK_PON_PCLK>, <&topcrm ZX279133_TOPCRM_CLK_PON_SMAC_WCLK>, <&topcrm ZX279133_TOPCRM_CLK_PON_WOE1_WCLK>, <&topcrm ZX279133_TOPCRM_CLK_PON_MAC_WCLK>","""idm-aclk"", ""tm-aclk"", ""pclk"", ""smac-wclk"", ""woe1-wclk"", ""mac-wclk""",,,,,,,"<&pon_serdes>, <&uni_serdes>","""serdes"", ""lan-serdes""",,,,,,,,
linux-6.18.38/arch/arm64/boot/dts/zte/zx279133.dtsi,491,/soc/ethernet-pcs@1a000000,xpcs0,ethernet-pcs@1a000000,"[""snps,dw-xpcs""]","""disabled""","""snps,dw-xpcs""",<0x0 0x1a000000 0x0 0x800000>,"""direct""",,,,<&topcrm ZX279133_TOPCRM_CLK_UNI_SERDES_PCLK>,"""csr""",,,,,,,,,,,,,,,,
linux-6.18.38/arch/arm64/boot/dts/zte/zx279133.dtsi,501,/soc/ethernet-pcs@1b000000,xpcs1,ethernet-pcs@1b000000,"[""snps,dw-xpcs""]","""disabled""","""snps,dw-xpcs""",<0x0 0x1b000000 0x0 0x800000>,"""direct""",,,,<&topcrm ZX279133_TOPCRM_CLK_PON_SERDES_PCLK>,"""csr""",,,,,,,,,,,,,,,,
linux-6.18.38/arch/arm64/boot/dts/zte/zx279133-sr1010.dts,10,/,,/,"[""zte,zx279133-sr1010"", ""zte,zx279133""]",,"""zte,zx279133-sr1010"", ""zte,zx279133""",,,,,,,,,,,,,,,,,,,,,,,
linux-6.18.38/arch/arm64/boot/dts/zte/zx279133-sr1010.dts,24,/memory@80000000,,memory@80000000,[],,,<0x0 0x80000000 0x0 0x20000000>,,,,,,,,,,,,,,,,,,,,,,
linux-6.18.38/arch/arm64/boot/dts/zte/zx279133-sr1010.dts,34,/reserved-memory/buffer@9e100000,se_hash_reserved,buffer@9e100000,[],,,<0x0 0x9e100000 0x0 0x1000000>,,,,,,,,,,,,,,,,,,,,,,
linux-6.18.38/arch/arm64/boot/dts/zte/zx279133-sr1010.dts,39,/reserved-memory/buffer@9d700000,idm_reserved,buffer@9d700000,[],,,<0x0 0x9d700000 0x0 0xa00000>,,,,,,,,,,,,,,,,,,,,,,
linux-6.18.38/arch/arm64/boot/dts/zte/zx279133-sr1010.dts,44,/reserved-memory/buffer@9f100000,bmu_reserved,buffer@9f100000,[],,,<0x0 0x9f100000 0x0 0x0f00000>,,,,,,,,,,,,,,,,,,,,,,
linux-6.18.38/arch/arm64/boot/dts/zte/zx279133-sr1010.dts,50,/gpio-keys,,gpio-keys,"[""gpio-keys""]",,"""gpio-keys""",,,,,,,,,,,,,,,,,,,,,,,
linux-6.18.38/arch/arm64/boot/dts/zte/zx279133-sr1010.dts,62,/leds,,leds,"[""gpio-leds""]",,"""gpio-leds""",,,,,,,,,,,,,,,,,,,,,,,
linux-6.18.38/arch/arm64/boot/dts/zte/zx279133-sr1010.dts,91,/&uart0,,&uart0,[],"""okay""",,,,,,,,,,,,,,,,,,,,,,,,
linux-6.18.38/arch/arm64/boot/dts/zte/zx279133-sr1010.dts,95,/&usb3,,&usb3,[],"""okay""",,,,,,,,,,,,,,,,,,,,,,,,
linux-6.18.38/arch/arm64/boot/dts/zte/zx279133-sr1010.dts,99,/&pvt,,&pvt,[],"""okay""",,,,,,,,,,,,,,,,,,,,,,,,
linux-6.18.38/arch/arm64/boot/dts/zte/zx279133-sr1010.dts,103,/&pon_serdes,,&pon_serdes,[],"""okay""",,,,,,,,,,,,,,,,,,,,,,,,
linux-6.18.38/arch/arm64/boot/dts/zte/zx279133-sr1010.dts,107,/&uni_serdes,,&uni_serdes,[],"""okay""",,,,,,,,,,,,,,,,,,,,,,,,
linux-6.18.38/arch/arm64/boot/dts/zte/zx279133-sr1010.dts,111,/&nppt,,&nppt,[],"""okay""",,,,,,,,,,,,,,,,,,,,,"<&bmu_reserved>, <&se_hash_reserved>, <&idm_reserved>","""bmu"", ""se-hash"", ""idm""",,
linux-6.18.38/arch/arm64/boot/dts/zte/zx279133-sr1010.dts,117,/&nppt/ethernet-lan-cpu,lan_cpu,ethernet-lan-cpu,"[""zte,zx279133-lan-conduit""]",,"""zte,zx279133-lan-conduit""",,,,,,,,,,,,,,,,,,,,,,,
linux-6.18.38/arch/arm64/boot/dts/zte/zx279133-sr1010.dts,121,/&nppt/switch,,switch,"[""zte,zx279133-rtl8372n""]",,"""zte,zx279133-rtl8372n""",,,,,,,,,,,,,,,,,,,,,,,
linux-6.18.38/arch/arm64/boot/dts/zte/zx279133-sr1010.dts,130,/&nppt/switch/ports/port@4,,port@4,[],,,<4>,,,,,,,,,,,,,,,,,,,,,,
linux-6.18.38/arch/arm64/boot/dts/zte/zx279133-sr1010.dts,141,/&nppt/switch/ports/port@5,,port@5,[],,,<5>,,,,,,,,,,,,,,,,,,,,,,
linux-6.18.38/arch/arm64/boot/dts/zte/zx279133-sr1010.dts,152,/&nppt/switch/ports/port@6,,port@6,[],,,<6>,,,,,,,,,,,,,,,,,,,,,,
linux-6.18.38/arch/arm64/boot/dts/zte/zx279133-sr1010.dts,163,/&nppt/switch/ports/port@7,,port@7,[],,,<7>,,,,,,,,,,,,,,,,,,,,,,
linux-6.18.38/arch/arm64/boot/dts/zte/zx279133-sr1010.dts,174,/&nppt/switch/ports/port@8,,port@8,[],,,<8>,,,,,,,,,,,,,,,,,,,,,,
linux-6.18.38/arch/arm64/boot/dts/zte/zx279133-sr1010.dts,188,/&mdio0,,&mdio0,[],"""okay""",,,,,,,,,,,,,,,,,,,,,,,,
linux-6.18.38/arch/arm64/boot/dts/zte/zx279133-sr1010.dts,191,/&mdio0/switch-controller@1d,rtl8372n_smi,switch-controller@1d,"[""realtek,rtl8372n""]",,"""realtek,rtl8372n""",<0x1d>,,,,,,,,,,,,,,,,,,,,,,
linux-6.18.38/arch/arm64/boot/dts/zte/zx279133-sr1010.dts,197,/&mdio1,,&mdio1,[],"""okay""",,,,,,,,,,,,,,,,,,,,,,,,
linux-6.18.38/arch/arm64/boot/dts/zte/zx279133-sr1010.dts,200,/&mdio1/ethernet-phy@1,zx279051,ethernet-phy@1,"[""ethernet-phy-id0000.84b9""]",,"""ethernet-phy-id0000.84b9""",<1>,,,,,,,,,,,,,,,,,,,,,,
linux-6.18.38/arch/arm64/boot/dts/zte/zx279133-sr1010.dts,210,/&xpcs0,,&xpcs0,[],"""okay""",,,,,,,,,,,,,,,,,,,,,,,,
linux-6.18.38/arch/arm64/boot/dts/zte/zx279133-sr1010.dts,214,/&xpcs1,,&xpcs1,[],"""okay""",,,,,,,,,,,,,,,,,,,,,,,,
linux-6.18.38/arch/arm64/boot/dts/zte/zx279133-sr1010.dts,218,/&watchdog1,,&watchdog1,[],"""okay""",,,,,,,,,,,,,,,,,,,,,,,,
linux-6.18.38/arch/arm64/boot/dts/zte/zx279133-sr1010.dts,222,/&spifc,,&spifc,[],"""okay""",,,,,,,,,,,,,,,,,,,,,,,,
