path,sha256,compatibles,module_parameters,api_categories,register_constants
"linux-6.18.38/Documentation/devicetree/bindings/clock/zte,zx279133-lsp-clk.yaml",f136d1eb08c897599af5ac3b80cdf0a7338111a505dc937c23d705911fc0319a,"[""1"", ""pclk"", ""spifc_wclk"", ""syscon"", ""wclk100"", ""wclk25"", ""zte,zx279133-lsp-clk""]",[],"{""clock"": [""ZX279133_TOPCRM_CLK_LSP0_100M"", ""ZX279133_TOPCRM_CLK_LSP0_25M"", ""ZX279133_TOPCRM_CLK_LSP0_PCLK"", ""ZX279133_TOPCRM_CLK_SPIFC_WCLK"", ""clock"", ""clocks""]}","[""0x100"", ""0x10d00000""]"
"linux-6.18.38/Documentation/devicetree/bindings/clock/zte,zx279133-lsp1-clk.yaml",592bead9cd9683bd54ead9d85bf35ae0e5c04d563ff326721b4a273addedc830,"[""1"", ""pclk"", ""wclk100m"", ""wclk25m"", ""wclk32k"", ""zte,zx279133-lsp1-clk""]",[],"{""clock"": [""ZX279133_TOPCRM_CLK_LSP1_100M"", ""ZX279133_TOPCRM_CLK_LSP1_25M"", ""ZX279133_TOPCRM_CLK_LSP1_32K"", ""ZX279133_TOPCRM_CLK_LSP1_PCLK"", ""clock"", ""clocks""], ""phy"": [""MDIO""]}","[""0x100"", ""0x14f00000""]"
"linux-6.18.38/Documentation/devicetree/bindings/clock/zte,zx279133-topcrm.yaml",ae641469c931a4b1bdf738d09e23ce35a158ebcadf1a4f0c9d6af8adbaf79e69,"[""1"", ""osc25m"", ""pll-1376m"", ""pll-cpu"", ""pll-fpp"", ""pll-lsp"", ""syscon"", ""zte,zx279133-topcrm""]",[],"{""clock"": [""clock"", ""clocks""], ""interconnect"": [""interconnect""], ""phy"": [""MDIO""], ""thermal"": [""temperature""]}","[""0x60"", ""0x10e10000""]"
"linux-6.18.38/Documentation/devicetree/bindings/gpio/zte,zx279133-gpio.yaml",9894cf6ea25d394220e7de1448f9016dba64cb740b1b53503fc6c64a2ea015b1,"[""2"", ""zte,zx279133-gpio""]",[],{},"[""0x40"", ""0x10d10080""]"
"linux-6.18.38/Documentation/devicetree/bindings/hwmon/zte,zx279133-pvt.yaml",785acc7285426fe1ffa1042d7e2ee160700792d1f46e9ce61cad182a5e557a22,"[""0"", ""pclk"", ""ttrim"", ""wclk"", ""zte,zx279133-pvt""]",[],"{""clock"": [""clock"", ""clocks""], ""thermal"": [""Temperature"", ""temperature""]}","[""0x10000"", ""0x10e70000""]"
"linux-6.18.38/Documentation/devicetree/bindings/mfd/zte,zx279133-wdt-reset.yaml",3a2c84aa7014adbf4dfc232665bca09918426d3911ddc8af19f09919fa480ca0,"[""syscon"", ""zte,zx279133-wdt-reset""]",[],{},"[""0x10e10208""]"
"linux-6.18.38/Documentation/devicetree/bindings/net/dsa/zte,zx279133-rtl8372n.yaml",326d208cfd7667552baf22ff5a958fcbba00529e859a937afe9cde12aa14c034,"[""realtek,rtl8372n"", ""zte,zx279133-lan-conduit"", ""zte,zx279133-rtl8372n""]",[],"{""phy"": [""MDIO"", ""mdio""]}","[""0x1d""]"
"linux-6.18.38/Documentation/devicetree/bindings/net/zte,sr1010-rtl8372n-id-audit.yaml",d114010891e9f00c464e14afd0e31b1fb65dae3b733235cb4fc790f45438dabe,"[""29"", ""zte,sr1010-rtl8372n-id-audit""]",[],"{""phy"": [""MDIO"", ""mdio""]}","[""0x1d""]"
"linux-6.18.38/Documentation/devicetree/bindings/net/zte,sr1010-zx279051-audit.yaml",62cdfd5f1a5d0271ea671d774b428d32deb4cc8cad7b660a6ba1c0e2d33e9132,"[""1"", ""zte,sr1010-zx279051-audit""]",[],"{""phy"": [""MDIO"", ""mdio""]}",[]
"linux-6.18.38/Documentation/devicetree/bindings/net/zte,zx279133-mdio.yaml",8ad89c09e92dfef40220a7735c180d86976a28c97820318b5395d2ad795a515a,"[""pclk"", ""wclk"", ""zte,zx279133-mdio""]",[],"{""clock"": [""ZX279133_LSP1_CLK_MDIO0_PCLK"", ""ZX279133_LSP1_CLK_MDIO0_WCLK"", ""clock"", ""clocks""], ""phy"": [""MDIO"", ""ZX279133_LSP1_CLK_MDIO0_PCLK"", ""ZX279133_LSP1_CLK_MDIO0_WCLK"", ""ZX279133_LSP1_RESET_MDIO0"", ""mdio""], ""reset"": [""ZX279133_LSP1_RESET_MDIO0""]}","[""0x1000"", ""0x14f01000""]"
"linux-6.18.38/Documentation/devicetree/bindings/net/zte,zx279133-nppt.yaml",224dcbbbd8f2bb6a7c539b8bb0bb78d05bfff244d438fd2e0d11d9f35695d68a,"[""bmu"", ""buffer-release"", ""idm"", ""idm-aclk"", ""lan-serdes"", ""local-test"", ""mac-wclk"", ""nppt"", ""pclk"", ""pps"", ""rx"", ""se-hash"", ""serdes"", ""smac-wclk"", ""snps,dw-xpcs"", ""tm-aclk"", ""woe1-wclk"", ""zte,zx279133-idm-cci"", ""zte,zx279133-lan-conduit"", ""zte,zx279133-nppt"", ""zte,zx279133-pon-route""]",[],"{""clock"": [""ZX279133_TOPCRM_CLK_PON_IDM_ACLK"", ""ZX279133_TOPCRM_CLK_PON_MAC_WCLK"", ""ZX279133_TOPCRM_CLK_PON_PCLK"", ""ZX279133_TOPCRM_CLK_PON_SMAC_WCLK"", ""ZX279133_TOPCRM_CLK_PON_TM_ACLK"", ""ZX279133_TOPCRM_CLK_PON_WOE1_WCLK"", ""clock"", ""clocks""], ""irq"": [""IRQ_TYPE_LEVEL_HIGH""]}","[""0x800000"", ""0xa00000"", ""0xf00000"", ""0x1000000"", ""0x10e00078"", ""0x17000080"", ""0x18000000"", ""0x19000000"", ""0x1b000000"", ""0x9d700000"", ""0x9e100000"", ""0x9f100000""]"
"linux-6.18.38/Documentation/devicetree/bindings/nvmem/zte,zx279133-efuse.yaml",8569c94209e6d7bf4192f4f91161d3e5c815b6d2d998b6f10b1130f6abcfa2e7,"[""fixed-layout"", ""pclk"", ""wclk"", ""zte,zx279133-efuse""]",[],"{""clock"": [""clock"", ""clocks""]}","[""0x00"", ""0x44"", ""0x7c"", ""0x80"", ""0x1000"", ""0x14f11000""]"
"linux-6.18.38/Documentation/devicetree/bindings/phy/zte,zx279133-pon-serdes.yaml",3490a378749278aa9b3941748387d637707d2dd62fc432e204440d6eaf82d7e4,"[""0"", ""apb"", ""fixed-clock"", ""pclk"", ""pll"", ""serdes"", ""syscon"", ""topcrm-mode"", ""zte,zx279133-pon-serdes"", ""zte,zx296718-reset""]",[],"{""clock"": [""clock"", ""clocks""], ""reset"": [""ZX279133_LOCAL_RESET_PON_SERDES"", ""ZX279133_LOCAL_RESET_PON_SERDES_APB"", ""local_reset""]}","[""0x60"", ""0xc0"", ""0xc4"", ""0x10000"", ""0x10e10000"", ""0x10e10070"", ""0x10e100c0"", ""0x16000000"", ""0x16010000""]"
"linux-6.18.38/Documentation/devicetree/bindings/phy/zte,zx279133-uni-serdes.yaml",78a19ed661eeb2b3a1f863e663f0ee67ba8ad1333b44311101a9b81c439a81ff,"[""0"", ""pclk"", ""ref50m"", ""rx"", ""tx"", ""zte,zx279133-uni-serdes""]",[],"{""clock"": [""ZX279133_TOPCRM_CLK_UNI_SERDES_50M"", ""ZX279133_TOPCRM_CLK_UNI_SERDES_PCLK"", ""clock"", ""clocks""], ""reset"": [""ZX279133_LOCAL_RESET_UNI_SERDES_RX"", ""ZX279133_LOCAL_RESET_UNI_SERDES_TX"", ""local_reset""]}","[""0x100000"", ""0x16100000""]"
"linux-6.18.38/Documentation/devicetree/bindings/pinctrl/zte,zx279133-pinctrl.yaml",93498da9c0e37cd08ff9f886b87f9b19dd6db40a5384021c85994f16fae4abaa,"[""pwm"", ""spifc"", ""zte,zx279133-pinctrl""]",[],{},"[""0x1000"", ""0x10e20000""]"
"linux-6.18.38/Documentation/devicetree/bindings/pwm/zte,zx279133-pwm.yaml",73008bd28a2a9b654e5e41d1dd4ad6dd0babdc6370fabda4b76548d57f4f8395,"[""3"", ""pclk"", ""wclk"", ""zte,zx279133-pwm""]",[],"{""clock"": [""ZX279133_LSP1_CLK_PWM_PCLK"", ""ZX279133_LSP1_CLK_PWM_WCLK"", ""clock"", ""clocks""]}","[""0x1000"", ""0x14f10000""]"
"linux-6.18.38/Documentation/devicetree/bindings/soc/zte/zte,zx279133-idm-cci.yaml",268fe1c69fe646f86198927fcbb5c63d2bbf32c52b149cd12fdc30610f68158c,"[""syscon"", ""zte,zx279133-idm-cci""]",[],{},"[""0x10e00078""]"
"linux-6.18.38/Documentation/devicetree/bindings/soc/zte/zte,zx279133-pon-route.yaml",21a74c9dbc6264d547df50b1ffa0c128bb3b3af82d103242fffe1d95dd8d151b,"[""syscon"", ""zte,zx279133-pon-route""]",[],{},"[""0x17000080""]"
"linux-6.18.38/Documentation/devicetree/bindings/soc/zte,zx279133-pwm-audit.yaml",0c6f46b2303a281d2b197069f285595f55adc1adcc50ae630ea117fc2860f606,"[""pclk"", ""wclk"", ""zte,zx279133-pwm-audit""]",[],"{""clock"": [""clock"", ""clocks""]}","[""0x1000"", ""0x14f10000""]"
"linux-6.18.38/Documentation/devicetree/bindings/soc/zte,zx279133-xpcs-nppt-audit.yaml",af2e0391d61ed76cadb18fa86e264c06c5e3b0ba9b407b4d691c7d3a568267cd,"[""nppt"", ""nppt-wclk"", ""xpcs-pclk"", ""xpcs0"", ""xpcs1"", ""zte,zx279133-xpcs-nppt-audit""]",[],"{""clock"": [""clock"", ""clocks""]}","[""0x00001000"", ""0x00200000"", ""0x19000000"", ""0x1a000000"", ""0x1b000000""]"
"linux-6.18.38/Documentation/devicetree/bindings/spi/zte,zx279133-sfc.yaml",a82d812751b8d03c33f177384d66ebee42b3e0fff4f0e75afa4facc7b92fc564,"[""pclk"", ""spi-nand"", ""wclk"", ""zte,zx279133-sfc""]",[],"{""clock"": [""clock"", ""clocking"", ""clocks""]}","[""0x2c"", ""0x1000"", ""0x10d0f000"", ""0x20000000""]"
"linux-6.18.38/Documentation/devicetree/bindings/usb/zte,zx279133-xhci.yaml",8c44ff71e3e0ce6dbf9c36c8f81fb4bd35b4d7af3b2462a870b864b24c6209c0,"[""cci"", ""core"", ""reg"", ""zte,zx279133-xhci""]",[],"{""clock"": [""clock"", ""clocks""]}","[""0x4000"", ""0x15010000""]"
"linux-6.18.38/Documentation/devicetree/bindings/watchdog/zte,zx279133-watchdog.yaml",997f7f862728d85ae8bdbc838256466d6cbbf2d6dc3bd8d27c2d609be561e71b,"[""pclk"", ""wdtclk"", ""zte,zx279133-watchdog""]",[],"{""clock"": [""clock"", ""clocks""], ""reset"": [""wdt_reset""]}","[""0x10"", ""0x1000"", ""0x14f09000""]"
linux-6.18.38/arch/arm64/boot/dts/zte/zx279133-sr1010.dts,f80f5450b65fd64954639762bfca9402bb68b2ba3fd8287d122de9a569941d1e,"[""ethernet-phy-id0000.84b9"", ""gpio-keys"", ""gpio-leds"", ""realtek,rtl8372n"", ""zte,zx279133-lan-conduit"", ""zte,zx279133-rtl8372n"", ""zte,zx279133-sr1010""]",[],"{""phy"": [""mdio"", ""mdio0"", ""mdio1""], ""pm-hook"": [""shutdown""]}","[""0x1d"", ""0xa00000"", ""0x0f00000"", ""0x1000000"", ""0x20000000"", ""0x80000000"", ""0x9d700000"", ""0x9e100000"", ""0x9f100000""]"
linux-6.18.38/arch/arm64/boot/dts/zte/zx279133.dtsi,346fa16afb8f309054f14e2e5ec440a4d1a12953d56c18475b2de2aadac2d2a3,"[""arm,armv8-timer"", ""arm,cortex-a53"", ""arm,gic-v3"", ""arm,psci-0.2"", ""fixed-clock"", ""fixed-layout"", ""fixed-partitions"", ""simple-bus"", ""snps,dw-xpcs"", ""spi-nand"", ""zte,zx279133"", ""zte,zx279133-efuse"", ""zte,zx279133-gpio"", ""zte,zx279133-idm-cci"", ""zte,zx279133-lsp-clk"", ""zte,zx279133-lsp1-clk"", ""zte,zx279133-mdio"", ""zte,zx279133-nppt"", ""zte,zx279133-pinctrl"", ""zte,zx279133-pon-route"", ""zte,zx279133-pon-serdes"", ""zte,zx279133-pvt"", ""zte,zx279133-pwm"", ""zte,zx279133-sfc"", ""zte,zx279133-topcrm"", ""zte,zx279133-uart"", ""zte,zx279133-uni-serdes"", ""zte,zx279133-watchdog"", ""zte,zx279133-wdt-reset"", ""zte,zx279133-xhci"", ""zte,zx296718-reset""]",[],"{""clock"": [""ZX279133_LSP1_CLK_EFUSE_PCLK"", ""ZX279133_LSP1_CLK_EFUSE_WCLK"", ""ZX279133_LSP1_CLK_MDIO0_PCLK"", ""ZX279133_LSP1_CLK_MDIO0_WCLK"", ""ZX279133_LSP1_CLK_MDIO1_PCLK"", ""ZX279133_LSP1_CLK_MDIO1_WCLK"", ""ZX279133_LSP1_CLK_PWM_PCLK"", ""ZX279133_LSP1_CLK_PWM_WCLK"", ""ZX279133_LSP1_CLK_WDT0_PCLK"", ""ZX279133_LSP1_CLK_WDT0_WCLK"", ""ZX279133_LSP1_CLK_WDT1_PCLK"", ""ZX279133_LSP1_CLK_WDT1_WCLK"", ""ZX279133_LSP_CLK_SPIFC_PCLK"", ""ZX279133_LSP_CLK_SPIFC_WCLK"", ""ZX279133_LSP_CLK_UART0_PCLK"", ""ZX279133_LSP_CLK_UART0_WCLK"", ""ZX279133_TOPCRM_CLK_A53_MCLK"", ""ZX279133_TOPCRM_CLK_LSP0_100M"", ""ZX279133_TOPCRM_CLK_LSP0_25M"", ""ZX279133_TOPCRM_CLK_LSP0_PCLK"", ""ZX279133_TOPCRM_CLK_LSP1_100M"", ""ZX279133_TOPCRM_CLK_LSP1_25M"", ""ZX279133_TOPCRM_CLK_LSP1_32K"", ""ZX279133_TOPCRM_CLK_LSP1_PCLK"", ""ZX279133_TOPCRM_CLK_PON_IDM_ACLK"", ""ZX279133_TOPCRM_CLK_PON_MAC_WCLK"", ""ZX279133_TOPCRM_CLK_PON_PCLK"", ""ZX279133_TOPCRM_CLK_PON_SERDES_PCLK"", ""ZX279133_TOPCRM_CLK_PON_SMAC_WCLK"", ""ZX279133_TOPCRM_CLK_PON_TM_ACLK"", ""ZX279133_TOPCRM_CLK_PON_WOE1_WCLK"", ""ZX279133_TOPCRM_CLK_PVT_PCLK"", ""ZX279133_TOPCRM_CLK_SPIFC_WCLK"", ""ZX279133_TOPCRM_CLK_TEMPSENSOR_WCLK"", ""ZX279133_TOPCRM_CLK_UNI_SERDES_50M"", ""ZX279133_TOPCRM_CLK_UNI_SERDES_PCLK"", ""ZX279133_TOPCRM_CLK_USB_ACLK"", ""ZX279133_TOPCRM_CLK_USB_CCI_ACLK"", ""ZX279133_TOPCRM_CLK_USB_PCLK"", ""clock"", ""clocks""], ""irq"": [""IRQ_TYPE_LEVEL_HIGH"", ""IRQ_TYPE_LEVEL_LOW""], ""phy"": [""ZX279133_LSP1_CLK_MDIO0_PCLK"", ""ZX279133_LSP1_CLK_MDIO0_WCLK"", ""ZX279133_LSP1_CLK_MDIO1_PCLK"", ""ZX279133_LSP1_CLK_MDIO1_WCLK"", ""ZX279133_LSP1_RESET_MDIO0"", ""ZX279133_LSP1_RESET_MDIO1"", ""mdio"", ""mdio0"", ""mdio1""], ""reset"": [""ZX279133_LOCAL_RESET_PON_SERDES"", ""ZX279133_LOCAL_RESET_PON_SERDES_APB"", ""ZX279133_LOCAL_RESET_UNI_SERDES_RX"", ""ZX279133_LOCAL_RESET_UNI_SERDES_TX"", ""ZX279133_LSP1_RESET_MDIO0"", ""ZX279133_LSP1_RESET_MDIO1"", ""ZX279133_LSP_RESET_SPIFC"", ""ZX279133_LSP_RESET_UART0"", ""local_reset"", ""top_reset""], ""thermal"": [""ZX279133_TOPCRM_CLK_TEMPSENSOR_WCLK"", ""temperature""]}","[""0x000000"", ""0x10"", ""0x20"", ""0x2c"", ""0x40"", ""0x44"", ""0x60"", ""0x100"", ""0x1000"", ""0x4000"", ""0x10000"", ""0x80000"", ""0x100000"", ""0x001feffe"", ""0x200000"", ""0x400000"", ""0x00500000"", ""0x00540000"", ""0x600000"", ""0x800000"", ""0x1000000"", ""0x2800000"", ""0x2900000"", ""0x2f00000"", ""0x5800000"", ""0x10d00000"", ""0x10d0d000"", ""0x10d0f000"", ""0x10d10000"", ""0x10d10040"", ""0x10d10080"", ""0x10d100c0"", ""0x10d10100"", ""0x10e00078"", ""0x10e10000"", ""0x10e10060"", ""0x10e10070"", ""0x10e100c0"", ""0x10e10208"", ""0x10e20000"", ""0x10e70000"", ""0x14f00000"", ""0x14f01000"", ""0x14f02000"", ""0x14f09000"", ""0x14f0a000"", ""0x14f10000"", ""0x14f11000"", ""0x15010000"", ""0x16000000"", ""0x16010000"", ""0x16100000"", ""0x17000080"", ""0x18000000"", ""0x19000000"", ""0x1a000000"", ""0x1b000000"", ""0x20000000""]"
linux-6.18.38/drivers/clk/clk-zx279133.c,59937e8473e800d95393ca70acb9cd24ec886fc62a354cd11bf1ae59ec38c783,"[""zte,zx279133-lsp-clk"", ""zte,zx279133-lsp1-clk"", ""zte,zx279133-topcrm""]",[],"{""clock"": [""CLK_DIVIDER_READ_ONLY"", ""CLK_GET_RATE_NOCACHE"", ""CLK_IGNORE_UNUSED"", ""CLK_IS_CRITICAL"", ""CLK_MUX_READ_ONLY"", ""CLK_SET_RATE_PARENT"", ""ZX279133_EFUSE_CLK_CTRL"", ""ZX279133_EFUSE_PCLK_GATE"", ""ZX279133_EFUSE_WCLK_GATE"", ""ZX279133_LSP1_CLK_EFUSE_PCLK"", ""ZX279133_LSP1_CLK_EFUSE_WCLK"", ""ZX279133_LSP1_CLK_MDIO0_PCLK"", ""ZX279133_LSP1_CLK_MDIO1_WCLK"", ""ZX279133_LSP1_CLK_PWM_PCLK"", ""ZX279133_LSP1_CLK_PWM_WCLK"", ""ZX279133_LSP_CLK_SPIFC_PCLK"", ""ZX279133_LSP_CLK_SPIFC_WCLK"", ""ZX279133_LSP_CLK_UART0_PCLK"", ""ZX279133_LSP_CLK_UART0_WCLK"", ""ZX279133_LSP_SPIFC_CLK_CTRL"", ""ZX279133_LSP_SPIFC_PCLK_GATE"", ""ZX279133_LSP_SPIFC_WCLK_DIV_SHIFT"", ""ZX279133_LSP_SPIFC_WCLK_DIV_WIDTH"", ""ZX279133_LSP_SPIFC_WCLK_GATE"", ""ZX279133_MDIO0_CLK_CTRL"", ""ZX279133_MDIO1_CLK_CTRL"", ""ZX279133_MDIO_CLK_FLAGS"", ""ZX279133_MDIO_PCLK_GATE"", ""ZX279133_MDIO_WCLK_DIV_SHIFT"", ""ZX279133_MDIO_WCLK_DIV_WIDTH"", ""ZX279133_MDIO_WCLK_GATE"", ""ZX279133_PARENT_CLK_PON_125M"", ""ZX279133_PARENT_PON_NPPT_WCLK_MUX"", ""ZX279133_PWM_CLK_CTRL"", ""ZX279133_PWM_CLK_FLAGS"", ""ZX279133_PWM_PCLK_GATE"", ""ZX279133_PWM_WCLK_GATE"", ""ZX279133_TOPCRM_CLK_A53_MCLK"", ""ZX279133_TOPCRM_CLK_CCI_ACLK"", ""ZX279133_TOPCRM_CLK_LSP0_100M"", ""ZX279133_TOPCRM_CLK_LSP0_25M"", ""ZX279133_TOPCRM_CLK_LSP0_PCLK"", ""ZX279133_TOPCRM_CLK_LSP1_100M"", ""ZX279133_TOPCRM_CLK_LSP1_25M"", ""ZX279133_TOPCRM_CLK_LSP1_32K"", ""ZX279133_TOPCRM_CLK_LSP1_PCLK"", ""ZX279133_TOPCRM_CLK_PON_IDM_ACLK"", ""ZX279133_TOPCRM_CLK_PON_MAC_WCLK"", ""ZX279133_TOPCRM_CLK_PON_NPPT_WCLK_MUX"", ""ZX279133_TOPCRM_CLK_PON_PCLK"", ""ZX279133_TOPCRM_CLK_PON_SERDES_PCLK"", ""ZX279133_TOPCRM_CLK_PON_SMAC_WCLK"", ""ZX279133_TOPCRM_CLK_PON_TM_ACLK"", ""ZX279133_TOPCRM_CLK_PON_WOE1_WCLK"", ""ZX279133_TOPCRM_CLK_PVT_PCLK"", ""ZX279133_TOPCRM_CLK_SPIFC_WCLK"", ""ZX279133_TOPCRM_CLK_SYS_ACLK"", ""ZX279133_TOPCRM_CLK_SYS_HCLK"", ""ZX279133_TOPCRM_CLK_SYS_PCLK"", ""ZX279133_TOPCRM_CLK_TEMPSENSOR_WCLK"", ""ZX279133_TOPCRM_CLK_UNI_SERDES_50M"", ""ZX279133_TOPCRM_CLK_UNI_SERDES_PCLK"", ""ZX279133_TOPCRM_CLK_USB_ACLK"", ""ZX279133_TOPCRM_CLK_USB_CCI_ACLK"", ""ZX279133_TOPCRM_CLK_USB_PCLK"", ""ZX279133_TOPCRM_PON_NPPT_WCLK_MUX_CTRL"", ""ZX279133_TOPCRM_PVT_PCLK_GATE"", ""ZX279133_TOPCRM_PVT_PCLK_GATE_CTRL"", ""ZX279133_UART0_CLK_CTRL"", ""ZX279133_UART_CLK_FLAGS"", ""ZX279133_UART_PCLK_GATE"", ""ZX279133_UART_WCLK_FLAGS"", ""ZX279133_UART_WCLK_GATE"", ""ZX279133_UART_WCLK_MUX"", ""ZX279133_WDT0_CLK_CTRL"", ""ZX279133_WDT1_CLK_CTRL"", ""ZX279133_WDT_CLK_FLAGS"", ""ZX279133_WDT_PCLK_GATE"", ""ZX279133_WDT_WCLK_DIV_SHIFT"", ""ZX279133_WDT_WCLK_DIV_WIDTH"", ""ZX279133_WDT_WCLK_GATE"", ""a53_mclk_parents"", ""cci_aclk_parents"", ""clk_div_table"", ""clk_divider"", ""clk_divider_ops"", ""clk_divider_ro_ops"", ""clk_gate"", ""clk_gate_ops"", ""clk_hw"", ""clk_hw_onecell_data"", ""clk_id"", ""clk_mux"", ""clk_mux_ops"", ""clk_parent_data"", ""clk_pon_125m"", ""clock"", ""clocks"", ""devm_clk_hw_register_composite_pdata"", ""devm_clk_hw_register_divider_parent_hw"", ""devm_clk_hw_register_divider_table"", ""devm_clk_hw_register_fixed_factor_fwname"", ""devm_clk_hw_register_gate_parent_data"", ""devm_clk_hw_register_gate_parent_hw"", ""devm_clk_hw_register_mux_parent_data_table"", ""devm_of_clk_add_hw_provider"", ""lsp1_pclk_parent"", ""of_clk_hw_onecell_get"", ""pon_nppt_wclk_mux"", ""pon_nppt_wclk_parents"", ""spifc_wclk_divider"", ""spifc_wclk_gate"", ""spifc_wclk_parent"", ""sys_aclk_parents"", ""uart0_pclk_parent"", ""uart0_wclk_gate"", ""uart0_wclk_mux"", ""uart0_wclk_parents"", ""zx279133_clk_probe"", ""zx279133_lsp0_clk_probe"", ""zx279133_lsp1_clk_probe"", ""zx279133_lsp_clk_driver"", ""zx279133_lsp_clk_of_match"", ""zx279133_topcrm_clk_probe""], ""phy"": [""MDIO"", ""ZX279133_LSP1_CLK_MDIO0_PCLK"", ""ZX279133_LSP1_CLK_MDIO1_WCLK"", ""ZX279133_MDIO0_CLK_CTRL"", ""ZX279133_MDIO1_CLK_CTRL"", ""ZX279133_MDIO_CLK_FLAGS"", ""ZX279133_MDIO_PCLK_GATE"", ""ZX279133_MDIO_RESET"", ""ZX279133_MDIO_RESET_DELAY_MAX_US"", ""ZX279133_MDIO_RESET_DELAY_MIN_US"", ""ZX279133_MDIO_WCLK_DIV_SHIFT"", ""ZX279133_MDIO_WCLK_DIV_WIDTH"", ""ZX279133_MDIO_WCLK_GATE"", ""mdio0_pclk"", ""mdio0_wclk"", ""mdio1_pclk"", ""mdio1_wclk"", ""mdio_dividers"", ""mdio_gates"", ""mdio_names"", ""mdio_offsets"", ""mdio_regs""], ""register-io"": [""devm_platform_ioremap_resource"", ""readl"", ""writel""], ""reset"": [""ZX279133_LSP_RESET_SPIFC"", ""ZX279133_LSP_RESET_UART0"", ""ZX279133_LSP_SPIFC_RESET"", ""ZX279133_MDIO_RESET"", ""ZX279133_MDIO_RESET_DELAY_MAX_US"", ""ZX279133_MDIO_RESET_DELAY_MIN_US"", ""ZX279133_UART_RESET"", ""devm_reset_controller_register"", ""nr_resets"", ""reset_control_ops"", ""reset_controller_dev"", ""zx279133_lsp1_reset_assert"", ""zx279133_lsp1_reset_deassert"", ""zx279133_lsp1_reset_ops"", ""zx279133_lsp1_reset_reset"", ""zx279133_lsp1_reset_status"", ""zx279133_lsp1_reset_update"", ""zx279133_lsp_reset_assert"", ""zx279133_lsp_reset_deassert"", ""zx279133_lsp_reset_ops"", ""zx279133_lsp_reset_reset"", ""zx279133_lsp_reset_status"", ""zx279133_lsp_reset_update""], ""thermal"": [""ZX279133_TOPCRM_CLK_TEMPSENSOR_WCLK"", ""tempsensor_wclk""]}","[""0x00"", ""0x04"", ""0x08"", ""0x0c"", ""0x24"", ""0x2c"", ""0x30"", ""0x34"", ""0x38"", ""0x3c"", ""0x40"", ""0x44"", ""0x48"", ""0x50"", ""0x54"", ""0x58"", ""0x5c""]"
linux-6.18.38/drivers/gpio/gpio-zx279133.c,43b6973295e3c023759fa7b6e0355397e5c9cfdaf0b35272ff1ec0c2297be68a,"[""zte,zx279133-gpio""]",[],"{""irq"": [""GPIOCHIP_IRQ_RESOURCE_HELPERS"", ""IRQ_TYPE_EDGE_BOTH"", ""IRQ_TYPE_EDGE_FALLING"", ""IRQ_TYPE_EDGE_RISING"", ""IRQ_TYPE_LEVEL_HIGH"", ""IRQ_TYPE_LEVEL_LOW"", ""IRQ_TYPE_NONE"", ""IRQ_TYPE_SENSE_MASK"", ""ZX279133_GPIO_IRQ_ACK"", ""ZX279133_GPIO_IRQ_ENABLE"", ""ZX279133_GPIO_IRQ_FALLING"", ""ZX279133_GPIO_IRQ_LEVEL"", ""ZX279133_GPIO_IRQ_MASK"", ""ZX279133_GPIO_IRQ_MODE"", ""ZX279133_GPIO_IRQ_PENDING"", ""ZX279133_GPIO_IRQ_RISING"", ""chained_irq_enter"", ""chained_irq_exit"", ""gpio_irq_chip"", ""gpio_irq_chip_set_chip"", ""irq_ack"", ""irq_chip"", ""irq_data"", ""irq_data_get_irq_chip_data"", ""irq_desc"", ""irq_desc_get_chip"", ""irq_desc_get_handler_data"", ""irq_mask"", ""irq_set_handler_locked"", ""irq_set_type"", ""irq_unmask"", ""platform_get_irq"", ""zx279133_gpio_irq_ack"", ""zx279133_gpio_irq_chip"", ""zx279133_gpio_irq_handler"", ""zx279133_gpio_irq_init_hw"", ""zx279133_gpio_irq_mask"", ""zx279133_gpio_irq_set_type"", ""zx279133_gpio_irq_unmask""], ""register-io"": [""devm_platform_ioremap_resource""]}","[""0x00"", ""0x04"", ""0x08"", ""0x0c"", ""0x10"", ""0x14"", ""0x18"", ""0x1c"", ""0x28"", ""0x2c"", ""0x30"", ""0x34"", ""0xffff""]"
linux-6.18.38/drivers/hwmon/zx279133-pvt.c,eef7b05af2a736fdaee73f3d28a21c9000c1fd9c6950e07c39c3a5068a812f4a,"[""zte,zx279133-pvt""]",[],"{""clock"": [""ZX279133_PVT_CLK_PCLK"", ""ZX279133_PVT_CLK_WCLK"", ""clk_bulk_data"", ""clk_bulk_disable_unprepare"", ""clk_bulk_prepare_enable"", ""clk_get_rate"", ""clock"", ""clocks"", ""devm_clk_bulk_get""], ""register-io"": [""devm_platform_ioremap_resource"", ""readl"", ""readl_poll_timeout"", ""writel""], ""reset"": [""devm_add_action_or_reset""], ""thermal"": [""HWMON_CHANNEL_INFO"", ""HWMON_C_REGISTER_TZ"", ""HWMON_I_INPUT"", ""HWMON_T_INPUT"", ""ZX279133_PVT_TEMP_CTRL"", ""ZX279133_PVT_TEMP_DATA"", ""devm_hwmon_device_register_with_info"", ""hwmon_channel_info"", ""hwmon_chip_info"", ""hwmon_in"", ""hwmon_in_input"", ""hwmon_ops"", ""hwmon_sensor_types"", ""hwmon_temp"", ""hwmon_temp_input"", ""temp"", ""temperature"", ""zx279133_pvt_calc_temp"", ""zx279133_pvt_hwmon_ops""]}","[""0x00"", ""0x04"", ""0x08"", ""0x10"", ""0x13"", ""0x14"", ""0x1f"", ""0x20"", ""0x33""]"
linux-6.18.38/drivers/net/ethernet/zte/zx279133-lan-conduit.c,3c5e196e7d55d5c03a698721a77b507207237e60c5f2ca1c0d679b4a3a3ba3dd,"[""zte,zx279133-lan-conduit""]",[],"{""reset"": [""devm_add_action_or_reset""]}",[]
linux-6.18.38/drivers/net/ethernet/zte/zx279133-lan.h,763482e256d6082a5170e44ee68237bf5694b9bd0a550223f5c2e3eaedd069ca,[],[],{},[]
linux-6.18.38/drivers/net/ethernet/zte/zx279133-rtl8372n.c,4838243790dbf17aeb66a5c836df356a2cfde7f22e4fa1a56cc437ad8a78b96f,"[""zte,zx279133-rtl8372n""]",[],"{""clock"": [""clock""], ""phy"": [""MDIO"", ""MDIO_CTRL1"", ""MDIO_CTRL2"", ""MDIO_MMD_PCS"", ""MDIO_MMD_VEND2"", ""PHY_INTERFACE_MODE_10GBASER"", ""PHY_INTERFACE_MODE_INTERNAL"", ""PHY_INTERFACE_MODE_USXGMII"", ""PHY_MODE_ETHERNET"", ""RTL8372N_MIB_RX_GOOD_PHY_HIGH"", ""RTL8372N_MIB_TX_GOOD_PHY_HIGH"", ""RTL8372N_PHY_BUSY"", ""RTL8372N_PHY_CTRL"", ""RTL8372N_PHY_DATA"", ""RTL8372N_PHY_DATA_LOW"", ""RTL8372N_PHY_OP_STATUS"", ""RTL8372N_PHY_PORT_SELECT"", ""RTL8372N_PHY_READ_CMD"", ""RTL8372N_PHY_WRITE_CMD"", ""__mdiodev_read"", ""__mdiodev_write"", ""devm_of_phy_get"", ""fwnode_mdio_find_device"", ""mdio"", ""mdio_device"", ""mdio_device_put"", ""mdio_lock"", ""mdiodev"", ""mdiodev_c45_read"", ""mdiodev_c45_write"", ""of_mdio"", ""phy_device"", ""phy_disabled"", ""phy_power_off"", ""phy_power_on"", ""phy_rx_good_frames"", ""phy_set_mode_ext"", ""phy_tx_good_frames"", ""phy_value"", ""rtl8372n_phy_read"", ""rtl8372n_phy_wait_ready"", ""rtl8372n_phy_write"", ""rx_phy_err"", ""switch_mdiodev"", ""tx_phy_err"", ""xpcs_mdiodev""], ""pm-hook"": [""pm_runtime"", ""pm_runtime_put"", ""pm_runtime_resume_and_get""], ""reset"": [""RTL8372N_RESET_ASSERT_MS"", ""RTL8372N_RESET_DEASSERT_MS"", ""ZX279133_XMAC0_RESET"", ""ZX279133_XMAC_RESET_REG"", ""ZX279133_XMAC_RESET_US"", ""reset_gpio"", ""rtl8372n_fw_reset_flow"", ""rtl8372n_hw_reset"", ""rtl8372n_reset_assert"", ""rtl8372n_sds_mode_reset"", ""saved_xmac_reset"", ""switch_reset_asserted""], ""thermal"": [""attempt""]}","[""0x00"", ""0x0000"", ""0x0002"", ""0x02"", ""0x00000002"", ""0x03"", ""0x0003"", ""0x04"", ""0x0004"", ""0x05"", ""0x06"", ""0x07"", ""0x08"", ""0x09"", ""0x0a"", ""0x0b"", ""0x000b"", ""0x0c"", ""0x000c"", ""0x0d"", ""0x000f"", ""0x10"", ""0x0010"", ""0x11"", ""0x12"", ""0x13"", ""0x14"", ""0x15"", ""0x16"", ""0x17"", ""0x18"", ""0x0019"", ""0x001b"", ""0x1b"", ""0x1c"", ""0x1d"", ""0x1f"", ""0x20"", ""0x0020"", ""0x21"", ""0x2e"", ""0x0030"", ""0x36"", ""0x003f"", ""0x3f"", ""0x0040"", ""0x0080"", ""0x0084"", ""0x0090"", ""0x00c0"", ""0x00f0"", ""0xf0"", ""0x000000f0"", ""0x0100"", ""0x100"", ""0x110"", ""0x120"", ""0x140"", ""0x180"", ""0x1ff"", ""0x0200"", ""0x020d"", ""0x0227"", ""0x0280"", ""0x03f8"", ""0x03fc"", ""0x0400"", ""0x0408"", ""0x0443"", ""0x0500"", ""0x0601"", ""0x0b7c"", ""0x0c00"", ""0x0f60"", ""0x0f64"", ""0x0f68"", ""0xfff"", ""0x0fff"", ""0x1050"", ""0x1238"", ""0x1390"", ""0x2000"", ""0x2058"", ""0x2100"", ""0x222c"", ""0x2858"", ""0x3140"", ""0x3400"", ""0x3800"", ""0x4000"", ""0x00004110"", ""0x424e"", ""0x4480"", ""0x4e10"", ""0x4e14"", ""0x4e18"", ""0x4e24"", ""0x4e28"", ""0x4e2c"", ""0x4e38"", ""0x4e3c"", ""0x5078"", ""0x50c0"", ""0x50d0"", ""0x50d4"", ""0x50d8"", ""0x50dc"", ""0x50e0"", ""0x5310"", ""0x00005515"", ""0x57c0"", ""0x57c4"", ""0x57d8"", ""0x5cac"", ""0x5cb0"", ""0x5cb8"", ""0x5cbc"", ""0x5cc0"", ""0x5ccc"", ""0x5cd0"", ""0x5cd4"", ""0x5fd4"", ""0x6040"", ""0x6044"", ""0x632c"", ""0x6330"", ""0x6334"", ""0x6364"", ""0x63e8"", ""0x63ec"", ""0x63f0"", ""0x63f4"", ""0x63f8"", ""0x63fc"", ""0x6438"", ""0x643c"", ""0x6440"", ""0x6444"", ""0x6454"", ""0x6724"", ""0x6738"", ""0x6d02"", ""0x00007000"", ""0x7000"", ""0x7124"", ""0x7128"", ""0x712c"", ""0x7130"", ""0x7134"", ""0x7138"", ""0x713c"", ""0x7140"", ""0x7144"", ""0x7148"", ""0x714c"", ""0x7b20"", ""0x7f60"", ""0x8000"", ""0x8001"", ""0x8005"", ""0x8007"", ""0x8100"", ""0x00008120"", ""0x88a8"", ""0x9401"", ""0xa217"", ""0xa428"", ""0xa47e"", ""0xa4a0"", ""0xa5d0"", ""0xa600"", ""0xa610"", ""0xabb0"", ""0xb800"", ""0xb820"", ""0xc45c"", ""0xf5c1"", ""0xfe40"", ""0xffff"", ""0x00010000"", ""0x00010140"", ""0x00020180"", ""0x30000"", ""0x342a4"", ""0x342c0"", ""0x343f0"", ""0x140000"", ""0x180000"", ""0x1f8000"", ""0x001f8540"", ""0x1ff000"", ""0x2c0004"", ""0x837270"", ""0x3e800086"", ""0x80000001""]"
linux-6.18.38/drivers/net/ethernet/zte/zx279133.c,e0579ac0fef67fd9701ea344606093941cc4a72dc31adbc1f0f269da2f22527b,"[""zte,zx279133-nppt""]",[],"{""clock"": [""ZX279133_AGCLK_VALUE_MASK"", ""ZX279133_NUM_CLOCKS"", ""ZX279133_PPU_AGCLK_CFG"", ""ZX279133_ROUTE_CLK_EN"", ""clk_bulk_data"", ""clk_bulk_disable_unprepare"", ""clk_bulk_prepare_enable"", ""clock"", ""clocks"", ""devm_clk_bulk_get"", ""zx279133_clock_names""], ""dma"": [""DMA_BIT_MASK"", ""DMA_FROM_DEVICE"", ""DMA_TO_DEVICE"", ""PP_FLAG_DMA_MAP"", ""PP_FLAG_DMA_SYNC_DEV"", ""ZX279133_DMA_AXI_MODE"", ""ZX279133_DMA_AXI_MODE_BIT"", ""ZX279133_DMA_AXI_RID0"", ""ZX279133_DMA_AXI_RID1"", ""ZX279133_DMA_AXI_WID"", ""ZX279133_DMA_RDSE_GAP"", ""ZX279133_DMA_RDSE_GAP_MASK"", ""ZX279133_ODMA_ISU_SP_EN"", ""ZX279133_ODMA_ISU_SP_EN_BIT"", ""ZX279133_STAT_RX_SKB_ALLOC_FAILURES"", ""dev_consume_skb_any"", ""dev_kfree_skb_any"", ""dma_addr_t"", ""dma_dir"", ""dma_map_single"", ""dma_mapped"", ""dma_mapping_error"", ""dma_prepared"", ""dma_rmb"", ""dma_saved"", ""dma_set_mask_and_coherent"", ""dma_sync_single_range_for_device"", ""dma_unmap_single"", ""dma_wmb"", ""napi_alloc_skb"", ""page_pool_dma_sync_for_cpu"", ""page_pool_get_dma_addr"", ""pskb_may_pull"", ""rx_skb_alloc_failures"", ""skb_checksum_help"", ""skb_checksum_start_offset"", ""skb_csum_is_sctp"", ""skb_linearize"", ""skb_mark_for_recycle"", ""skb_network_offset"", ""skb_put"", ""skb_put_padto"", ""skb_reserve"", ""skb_transport_offset"", ""skb_vlan_tag_get_id"", ""skb_vlan_tag_present"", ""zx279133_dma_offsets"", ""zx279133_dma_prepare"", ""zx279133_dma_restore""], ""iommu"": [""SMMU0"", ""ZX279133_SE_SMMU0_RAM_DONE"", ""ZX279133_SE_SMMU0_RAM_MASK"", ""ZX279133_SE_SMMU1_HASH_BASE"", ""ZX279133_SMMU0_ADDR"", ""ZX279133_SMMU0_ADDR_MASK"", ""ZX279133_SMMU0_CMD"", ""ZX279133_SMMU0_CMD_MASK"", ""ZX279133_SMMU0_CMD_READ"", ""ZX279133_SMMU0_CMD_WRITE"", ""ZX279133_SMMU0_RAM_DONE"", ""ZX279133_SMMU0_RAM_MASK"", ""ZX279133_SMMU0_RDATA"", ""ZX279133_SMMU0_WDATA"", ""ZX279133_SMMU0_WORDS"", ""se_hash_smmu1_saved"", ""se_smmu0_read"", ""se_smmu0_write"", ""zx279133_smmu0_read"", ""zx279133_smmu0_wait"", ""zx279133_smmu0_write""], ""irq"": [""IRQ_HANDLED"", ""ZX279133_STAT_IDM_LOCAL_IRQ_COUNT"", ""ZX279133_STAT_RX_IRQ_COUNT"", ""devm_request_irq"", ""idm_local_irq_count"", ""idm_local_irq_enabled"", ""irq_lock"", ""platform_get_irq_byname"", ""rx_irq_count"", ""rx_irq_enabled"", ""zx279133_irq_names""], ""phy"": [""MDIO"", ""MDIO_MMD_PCS"", ""MDIO_MMD_PMAPMD"", ""MDIO_MMD_VEND2"", ""PHY_INTERFACE_MODE_2500BASEX"", ""PHY_INTERFACE_MODE_NA"", ""PHY_INTERFACE_MODE_SGMII"", ""PHY_MODE_ETHERNET"", ""devm_phy_get"", ""fwnode_mdio_find_device"", ""mdio"", ""mdio_device"", ""mdio_device_put"", ""mdiobus_read"", ""mdiodev_c45_"", ""mdiodev_c45_modify"", ""mdiodev_c45_read"", ""mdiodev_c45_write"", ""of_mdio"", ""of_phy_find_device"", ""phy_device"", ""phy_interface_t"", ""phy_modes"", ""phy_np"", ""phy_power_off"", ""phy_power_on"", ""phy_set_mode_ext"", ""phylink_of_phy_connect"", ""xpcs_mdiodev"", ""zx279133_mdio_device_put""], ""pm-hook"": [""pm_runtime"", ""pm_runtime_put"", ""pm_runtime_resume_and_get"", ""zx279133_shared_tx_resume""], ""procfs"": [""ZX279133_XPCS_PSEQ_IDLE"", ""ZX279133_XPCS_PSEQ_MASK""], ""register-io"": [""devm_ioremap_wc"", ""devm_platform_ioremap_resource"", ""devm_platform_ioremap_resource_byname"", ""iowrite16be"", ""readl"", ""readl_poll_timeout_atomic"", ""regmap_read"", ""regmap_write"", ""syscon_regmap_lookup_by_phandle"", ""writel""], ""reset"": [""ZX279133_SYS_PON_RESET_N"", ""ZX279133_SYS_SDET_RESET_N"", ""ZX279133_SYS_SOFT_RESET"", ""ZX279133_XMAC_RESET_MASK"", ""devm_add_action_or_reset"", ""err_np_reset_restore"", ""netdev_tx_reset_queue"", ""np_reset_prepared"", ""nway_reset"", ""phylink_ethtool_nway_reset"", ""smac_reset"", ""zx279133_np_reset_prepare"", ""zx279133_np_reset_restore"", ""zx279133_nway_reset"", ""zx279133_xmac_reset""], ""thermal"": [""ZX279133_STAT_RX_REFILL_RECOVERY_ATTEMPTS"", ""attempt"", ""rx_refill_recovery_attempts""]}","[""0x0000"", ""0x00"", ""0x00000001"", ""0x0004"", ""0x04"", ""0x006"", ""0x0008"", ""0x08"", ""0x000c"", ""0x00c"", ""0x0c"", ""0x0e"", ""0x0f"", ""0x10"", ""0x010"", ""0x0010"", ""0x11"", ""0x12"", ""0x13"", ""0x14"", ""0x0014"", ""0x014"", ""0x15"", ""0x16"", ""0x18"", ""0x0018"", ""0x19"", ""0x1a"", ""0x1b"", ""0x001c"", ""0x1c"", ""0x1d"", ""0x1e"", ""0x1f"", ""0x0020"", ""0x20"", ""0x00000020"", ""0x21"", ""0x22"", ""0x23"", ""0x0024"", ""0x24"", ""0x25"", ""0x26"", ""0x27"", ""0x0028"", ""0x28"", ""0x29"", ""0x2a"", ""0x2b"", ""0x002c"", ""0x2c"", ""0x2d"", ""0x2e"", ""0x2f"", ""0x30"", ""0x0030"", ""0x31"", ""0x32"", ""0x33"", ""0x34"", ""0x034"", ""0x0034"", ""0x37"", ""0x0038"", ""0x38"", ""0x038"", ""0x3b"", ""0x003c"", ""0x3c"", ""0x3d"", ""0x3e"", ""0x3f"", ""0x40"", ""0x00000040"", ""0x0040"", ""0x41"", ""0x42"", ""0x43"", ""0x44"", ""0x0044"", ""0x45"", ""0x46"", ""0x0048"", ""0x004c"", ""0x0050"", ""0x54"", ""0x00054"", ""0x0054"", ""0x054"", ""0x00058"", ""0x0058"", ""0x005c"", ""0x0005c"", ""0x060"", ""0x00060"", ""0x0060"", ""0x64"", ""0x00064"", ""0x65"", ""0x66"", ""0x67"", ""0x00068"", ""0x0068"", ""0x68"", ""0x69"", ""0x6b"", ""0x006c"", ""0x6e"", ""0x6f"", ""0x070"", ""0x0070"", ""0x074"", ""0x0074"", ""0x7e"", ""0x7f"", ""0x80"", ""0x080"", ""0x0080"", ""0x084"", ""0x0084"", ""0x88"", ""0x0088"", ""0x090"", ""0x0090"", ""0x094"", ""0x0094"", ""0x94"", ""0x97"", ""0xa0"", ""0xb8"", ""0x00b8"", ""0x0c0"", ""0x00c0"", ""0xc0"", ""0x00d0"", ""0x00d4"", ""0xd4"", ""0xd8"", ""0xed"", ""0x00fc"", ""0xff"", ""0x0100"", ""0x100"", ""0x0104"", ""0x106"", ""0x107"", ""0x0108"", ""0x010c"", ""0x0110"", ""0x111"", ""0x0118"", ""0x011c"", ""0x0124"", ""0x124"", ""0x019c"", ""0x1c0"", ""0x01c0"", ""0x01fd"", ""0x000001fd"", ""0x210"", ""0x00000210"", ""0x0240"", ""0x240"", ""0x0280"", ""0x300"", ""0x03fc"", ""0x3fc"", ""0x0400"", ""0x400"", ""0x0408"", ""0x040c"", ""0x00000410"", ""0x463"", ""0x4b0"", ""0x500"", ""0x0500"", ""0x5c0"", ""0x05c0"", ""0x00000781"", ""0x000007c1"", ""0x00000800"", ""0x800"", ""0x814"", ""0x0834"", ""0x834"", ""0x00000840"", ""0x940"", ""0x0c00"", ""0xc00"", ""0x0f49"", ""0x00000f49"", ""0x0fa0"", ""0x1000"", ""0x1042"", ""0x1200"", ""0x1400"", ""0x00001800"", ""0x1a00"", ""0x1b00"", ""0x1c00"", ""0x1d00"", ""0x1f00"", ""0x00001f1f"", ""0x1fff"", ""0x2000"", ""0x2040"", ""0x2044"", ""0x2070"", ""0x20b0"", ""0x2438"", ""0x00002600"", ""0x2bb8"", ""0x2fa0"", ""0x3000"", ""0x00003000"", ""0x3003"", ""0x3400"", ""0x00003d00"", ""0x3fff"", ""0x4000"", ""0x4010"", ""0x4e00"", ""0x5e00"", ""0x7434"", ""0x7fff"", ""0x8000"", ""0x8001"", ""0x8004"", ""0x8005"", ""0x8008"", ""0x800a"", ""0x8010"", ""0x8015"", ""0x8054"", ""0x8058"", ""0x805c"", ""0x8098"", ""0x809e"", ""0x80d5"", ""0x80d9"", ""0x80da"", ""0x8284"", ""0x82e4"", ""0x8300"", ""0x8304"", ""0x8398"", ""0x839c"", ""0x8400"", ""0x8600"", ""0xc000"", ""0xc004"", ""0xc008"", ""0xc028"", ""0xc038"", ""0xc03c"", ""0xc05c"", ""0xc060"", ""0xc0f0"", ""0xffff"", ""0x10000"", ""0x00010000"", ""0x10004"", ""0x10040"", ""0x1010c"", ""0x00010200"", ""0x00010202"", ""0x14000"", ""0x0001ffff"", ""0x00020000"", ""0x20004"", ""0x20010"", ""0x20014"", ""0x20018"", ""0x2001c"", ""0x20028"", ""0x20030"", ""0x20034"", ""0x20040"", ""0x20060"", ""0x20064"", ""0x2006c"", ""0x20070"", ""0x20074"", ""0x20078"", ""0x20084"", ""0x20088"", ""0x2024c"", ""0x20260"", ""0x20344"", ""0x20348"", ""0x2034c"", ""0x20354"", ""0x20368"", ""0x24000"", ""0x24004"", ""0x24014"", ""0x24018"", ""0x24020"", ""0x24060"", ""0x24068"", ""0x28000"", ""0x28004"", ""0x2c000"", ""0x2c004"", ""0x2c024"", ""0x2c028"", ""0x2c054"", ""0x2c400"", ""0x2c444"", ""0x2c800"", ""0x2c828"", ""0x30000"", ""0x3004c"", ""0x30200"", ""0x30204"", ""0x30208"", ""0x3020c"", ""0x30210"", ""0x30218"", ""0x3021c"", ""0x30220"", ""0x30224"", ""0x30228"", ""0x30240"", ""0x30254"", ""0x30258"", ""0x340bc"", ""0x34108"", ""0x34134"", ""0x342a8"", ""0x342c4"", ""0x343c4"", ""0x343d0"", ""0x343f0"", ""0x38000"", ""0x38080"", ""0x38084"", ""0x38088"", ""0x38398"", ""0x3c000"", ""0x3c004"", ""0x3c008"", ""0x3c048"", ""0x3c04c"", ""0x3c058"", ""0x3c05c"", ""0x3c060"", ""0x3c064"", ""0x40000"", ""0x40004"", ""0x40008"", ""0x40040"", ""0x400c0"", ""0x400c4"", ""0x400cc"", ""0x00042000"", ""0x42000"", ""0x44000"", ""0x48004"", ""0x48008"", ""0x4800c"", ""0x4801c"", ""0x48024"", ""0x48084"", ""0x500c8"", ""0x50208"", ""0x50280"", ""0x50284"", ""0x58000"", ""0x58004"", ""0x58008"", ""0x5800c"", ""0x58520"", ""0x58804"", ""0x58808"", ""0x5880c"", ""0x58818"", ""0x00060606"", ""0x800d0"", ""0x800d4"", ""0x800d8"", ""0x90350"", ""0x9043c"", ""0x9045c"", ""0x00090a08"", ""0x90d00"", ""0x90d04"", ""0x90d0c"", ""0x90d10"", ""0x000a0001"", ""0x000c0b0a"", ""0x000e0c0b"", ""0xf0000"", ""0x000f0000"", ""0x000f0e0d"", ""0xfffff"", ""0x00110011"", ""0x180000"", ""0x1a0000"", ""0x00200000"", ""0x00200020"", ""0x280000"", ""0x280014"", ""0x280015"", ""0x280016"", ""0x280017"", ""0x280018"", ""0x28001f"", ""0x2c0004"", ""0x30000e"", ""0x30000f"", ""0x300010"", ""0x00400000"", ""0x00800080"", ""0x800080"", ""0x00ecc000"", ""0x00f00000"", ""0xf00000"", ""0x00f7c000"", ""0x00ff0000"", ""0xffffff"", ""0x01000000"", ""0x1000054"", ""0x0100ff80"", ""0x0104c040"", ""0x01058080"", ""0x01f30036"", ""0x01F4000C"", ""0x01f4000c"", ""0x2000000"", ""0x04500600"", ""0x06060606"", ""0x07020701"", ""0x07070707"", ""0x07ffffff"", ""0x08000000"", ""0x0A00000C"", ""0x0a00000c"", ""0x0c000000"", ""0x0fff0fff"", ""0x0fffffff"", ""0x148e0000"", ""0x1b000000"", ""0x1c120800"", ""0x20000000"", ""0x27800940"", ""0x2c2c6022"", ""0x2c2c7030"", ""0x30000000"", ""0x30303030"", ""0x30307030"", ""0x30307c3c"", ""0x3e800086"", ""0x40000000"", ""0x40904400"", ""0x443a3026"", ""0x54145414"", ""0x58185414"", ""0x581a4014"", ""0x581a581a"", ""0x60000000"", ""0x60002000"", ""0x6a61584e"", ""0x6c2c6c2c"", ""0x70302c2c"", ""0x70303030"", ""0x70306030"", ""0x70307030"", ""0x70307434"", ""0x74347030"", ""0x7801ffff"", ""0x78387838"", ""0x7c3c7c3c"", ""0x80000000"", ""0x80000001"", ""0x80ff3fff"", ""0x81000703"", ""0x82000000"", ""0x88a88100"", ""0x8c000000"", ""0x8e857c73"", ""0x8fffffff"", ""0x92009100"", ""0xa8000000"", ""0xaaa95554"", ""0xaaaaaaaa"", ""0xbbbbbbbb"", ""0xbdbdbdbd"", ""0xcccccccc"", ""0xdddddddd"", ""0xf00fffff"", ""0xFA00000C"", ""0xffff0140"", ""0xffffaaaa"", ""0xffffffff""]"
linux-6.18.38/drivers/net/mdio/mdio-sr1010-rtl8372n-audit.c,8413895cc52042b9d7515d0fa21aa660cad93479468bd99a435bac9f65b7bf2f,"[""zte,sr1010-rtl8372n-id-audit""]",[],"{""phy"": [""SR1010_RTL8372N_MDIO_BASE"", ""SR1010_RTL8372N_MDIO_SIZE"", ""__mdiodev_read"", ""__mdiodev_write"", ""mdio"", ""mdio_device"", ""mdio_driver"", ""mdio_lock"", ""mdio_module_driver"", ""mdiodev"", ""mdiodrv""], ""thermal"": [""sr1010_rtl8372n_audit_attempted""]}","[""0x0004"", ""0x15"", ""0x16"", ""0x17"", ""0x18"", ""0x001b"", ""0x1d"", ""0x1000"", ""0x837270"", ""0x14f01000""]"
linux-6.18.38/drivers/net/mdio/mdio-sr1010-rtl8372n-port-audit.c,ddc7164b475fb2e40f59ba182213422e87c357205f3a2cb188f82b28181b1181,"[""zte,sr1010-rtl8372n-port-status-audit""]",[],"{""phy"": [""SR1010_RTL8372N_MDIO_BASE"", ""SR1010_RTL8372N_MDIO_SIZE"", ""__mdiodev_read"", ""__mdiodev_write"", ""mdio"", ""mdio_device"", ""mdio_driver"", ""mdio_lock"", ""mdio_module_driver"", ""mdiodev"", ""mdiodrv""], ""thermal"": [""sr1010_rtl8372n_status_attempted""]}","[""0x0004"", ""0x15"", ""0x16"", ""0x17"", ""0x18"", ""0x001b"", ""0x1d"", ""0x1000"", ""0x63e8"", ""0x63ec"", ""0x63f0"", ""0x63f4"", ""0x63f8"", ""0x837270"", ""0x14f01000""]"
linux-6.18.38/drivers/net/mdio/mdio-sr1010-zx279051-audit.c,a7245fb65e0fcdef76e7007faffe62c5fc10e526d863e04fc491a7e632d1cf27,"[""zte,sr1010-zx279051-audit""]",[],"{""phy"": [""SR1010_ZX279051_MDIO_BASE"", ""mdio"", ""mdio_device"", ""mdio_driver"", ""mdio_module_driver"", ""mdiobus_c45_read"", ""mdiodev"", ""mdiodrv""], ""thermal"": [""sr1010_zx279051_audit_attempted""]}","[""0x84b9"", ""0x14f02000""]"
linux-6.18.38/drivers/net/mdio/mdio-zx279133.c,076c22e5e76c5b515e90dcbac9e50431a51291151daaaa877422cdd36f373ea9,"[""zte,zx279133-mdio""]",[],"{""clock"": [""clock"", ""devm_clk_get_enabled""], ""phy"": [""MDIO"", ""ZX279133_MDIO_C45_REG"", ""ZX279133_MDIO_CONTROL"", ""ZX279133_MDIO_CONTROL_C22"", ""ZX279133_MDIO_CONTROL_C45"", ""ZX279133_MDIO_CONTROL_OP"", ""ZX279133_MDIO_CONTROL_PHY"", ""ZX279133_MDIO_CONTROL_REG"", ""ZX279133_MDIO_CONTROL_START"", ""ZX279133_MDIO_OP_C22_READ"", ""ZX279133_MDIO_OP_C45_ADDR"", ""ZX279133_MDIO_OP_C45_READ"", ""ZX279133_MDIO_OP_WRITE"", ""ZX279133_MDIO_POLL_US"", ""ZX279133_MDIO_READ_DATA"", ""ZX279133_MDIO_STATUS"", ""ZX279133_MDIO_STATUS_DONE"", ""ZX279133_MDIO_TIMEOUT_US"", ""ZX279133_MDIO_WRITE_DATA"", ""devm_mdiobus_alloc_size"", ""devm_of_mdiobus_register"", ""mdio"", ""of_mdio"", ""phy_mask"", ""zx279133_mdio"", ""zx279133_mdio_c22_control"", ""zx279133_mdio_c45_address"", ""zx279133_mdio_c45_control"", ""zx279133_mdio_driver"", ""zx279133_mdio_of_match"", ""zx279133_mdio_probe"", ""zx279133_mdio_read"", ""zx279133_mdio_read_c45"", ""zx279133_mdio_transfer"", ""zx279133_mdio_write"", ""zx279133_mdio_write_c45""], ""register-io"": [""devm_platform_ioremap_resource"", ""readl"", ""readl_poll_timeout"", ""writel""], ""reset"": [""devm_reset_control_get_exclusive"", ""reset_control"", ""reset_control_reset""]}","[""0x04"", ""0x08"", ""0x0c"", ""0x10"", ""0x14"", ""0x1f"", ""0xffff""]"
linux-6.18.38/drivers/nvmem/zx279133-efuse.c,d4d611e607b2b65dce9bdf9fb27d00e77dfd4096a6a5e7c8f5e1873ca535c37c,"[""zte,zx279133-efuse""]",[],"{""clock"": [""ZX279133_EFUSE_CLK_PCLK"", ""ZX279133_EFUSE_CLK_WCLK"", ""clk_bulk_data"", ""clk_bulk_disable_unprepare"", ""clk_bulk_prepare_enable"", ""clocks"", ""devm_clk_bulk_get""], ""register-io"": [""devm_platform_get_and_ioremap_resource"", ""readl""]}","[""0x80""]"
linux-6.18.38/drivers/phy/zte/phy-zx279133-pon-serdes.c,4018d5f3ef0e5490f4b32ee31a2b6a5c7f92a11b20067698cd736052f481e8fe,"[""zte,zx279133-pon-serdes""]",[],"{""clock"": [""clk_disable_unprepare"", ""clk_prepare_enable"", ""devm_clk_get""], ""phy"": [""PHY_INTERFACE_MODE_2500BASEX"", ""PHY_INTERFACE_MODE_SGMII"", ""PHY_MODE_ETHERNET"", ""devm_of_phy_provider_register"", ""devm_phy_create"", ""of_phy_simple_xlate"", ""phy_get_drvdata"", ""phy_interface_t"", ""phy_mode"", ""phy_modes"", ""phy_ops"", ""phy_provider"", ""phy_set_drvdata""], ""register-io"": [""devm_platform_ioremap_resource_byname"", ""readl"", ""readl_poll_timeout"", ""regmap_read"", ""regmap_update_bits"", ""syscon_regmap_lookup_by_phandle"", ""writel""], ""reset"": [""ZX279133_PON_SERDES_RESET_US"", ""devm_add_action_or_reset"", ""devm_reset_control_bulk_get_exclusive"", ""err_assert_reset"", ""reset_control_bulk_assert"", ""reset_control_bulk_data"", ""reset_control_bulk_deassert"", ""zx279133_pon_serdes_reset""]}","[""0x00000000"", ""0x00000007"", ""0x0000000c"", ""0x0c"", ""0x10"", ""0x0000001c"", ""0x00000020"", ""0x40"", ""0x00000044"", ""0x00000048"", ""0x54"", ""0x00000080"", ""0x90"", ""0xd0"", ""0x000000da"", ""0xe4"", ""0x000000ff"", ""0x00000100"", ""0x00000408"", ""0x00002000"", ""0x00003700"", ""0x00010000"", ""0x00020001"", ""0x00050000"", ""0x00194000"", ""0x00238220"", ""0x00238620"", ""0x00555555"", ""0x00648091"", ""0x00649052"", ""0x00ff0000"", ""0x00ff8000"", ""0x01000000"", ""0x01000200"", ""0x01045b2a"", ""0x01108002"", ""0x013e8604"", ""0x013e860f"", ""0x0210c073"", ""0x04000000"", ""0x04005b6a"", ""0x05a85100"", ""0x0b080000"", ""0x0c633830"", ""0x10000000"", ""0x10371037"", ""0x10640002"", ""0x1f51c8f3"", ""0x200554a8"", ""0x200574a8"", ""0x20106454"", ""0x30000818"", ""0x34000003"", ""0x40002000"", ""0x40007700"", ""0x4fa840a3"", ""0x4fa8c0a2"", ""0x55555500"", ""0x55555555"", ""0x60002220"", ""0x66002200"", ""0x80000000"", ""0x80000100"", ""0x8000c000"", ""0x802dc000"", ""0xa9004000"", ""0xc5a85100"", ""0xe0000004"", ""0xf20000c8""]"
linux-6.18.38/drivers/phy/zte/phy-zx279133-uni-serdes.c,c720685ca0202a0f659552ed4bf87c02f1e059606bbc0644fbdda3e388b986b3,"[""zte,zx279133-uni-serdes""]",[],"{""clock"": [""clk_bulk_data"", ""clk_bulk_disable_unprepare"", ""clk_bulk_prepare_enable"", ""clock"", ""clocks"", ""devm_clk_bulk_get"", ""err_disable_clocks""], ""phy"": [""PHY_INTERFACE_MODE_10GBASER"", ""PHY_INTERFACE_MODE_USXGMII"", ""PHY_MODE_ETHERNET"", ""devm_of_phy_provider_register"", ""devm_phy_create"", ""of_phy_simple_xlate"", ""phy_get_drvdata"", ""phy_mode"", ""phy_ops"", ""phy_provider"", ""phy_set_drvdata""], ""register-io"": [""devm_platform_ioremap_resource"", ""readl"", ""readl_poll_timeout"", ""writel""], ""reset"": [""ZX279133_UNI_RESET_PHASE_US"", ""devm_add_action_or_reset"", ""devm_reset_control_bulk_get_exclusive"", ""reset_control_bulk_assert"", ""reset_control_bulk_data"", ""reset_control_bulk_deassert"", ""zx279133_uni_serdes_reset_pulse""]}","[""0x00000000"", ""0x0000000c"", ""0x00000020"", ""0x00000048"", ""0x54"", ""0x00000080"", ""0xd0"", ""0x000000da"", ""0xe4"", ""0x000000ff"", ""0x00000100"", ""0x00000e46"", ""0x00002000"", ""0x00010000"", ""0x00020000"", ""0x00020001"", ""0x00084008"", ""0x00238020"", ""0x00555555"", ""0x00ff0000"", ""0x00ff8000"", ""0x01000000"", ""0x01000200"", ""0x013e8687"", ""0x0210c073"", ""0x05a85100"", ""0x0c633830"", ""0x10000000"", ""0x10371037"", ""0x10670002"", ""0x200554a8"", ""0x30000818"", ""0x34000003"", ""0x40002000"", ""0x40003b00"", ""0x4f042b2a"", ""0x50a840a3"", ""0x55555500"", ""0x55555555"", ""0x60002200"", ""0x67748091"", ""0x80000400"", ""0x802dc000"", ""0xa9004000"", ""0xe0000004"", ""0xf20000c8""]"
linux-6.18.38/drivers/pinctrl/pinctrl-zx279133.c,fcce3966763fea155c10eb79bc0fd66b5e4cc56c477083ebefe1e6b0eb2770c8,"[""zte,zx279133-pinctrl""]",[],"{""register-io"": [""devm_platform_ioremap_resource"", ""readl"", ""writel""]}",[]
linux-6.18.38/drivers/pwm/pwm-zx279133.c,de62b487b153b65c4e2cee1537f6836d95b8d10dfefefd6e35fedee97875a3d8,"[""zte,zx279133-pwm""]",[],"{""clock"": [""clk_get_rate"", ""clock"", ""devm_clk_get_enabled""], ""register-io"": [""devm_platform_ioremap_resource"", ""readl"", ""writel""]}","[""0x10""]"
linux-6.18.38/drivers/soc/zte/zx279133-pwm-audit.c,f8b909fc4cf9013a9c85bca42beefa40f617224eadfa3ec9b96172a7235e926f,"[""zte,zx279133-pwm-audit""]",[],"{""clock"": [""ZX279133_PWM_PCLK_RATE"", ""ZX279133_PWM_WCLK_RATE"", ""__clk_is_enabled"", ""clk_get_rate"", ""clock"", ""clocks"", ""devm_clk_get"", ""pclk_rate"", ""wclk_rate""], ""register-io"": [""devm_platform_ioremap_resource"", ""readl""]}","[""0x10""]"
linux-6.18.38/drivers/soc/zte/zx279133-xpcs-nppt-audit.c,1658bdc4b489410756a4d377668ea6bae20dd29d92c271870d7ab38d8ac40ebc,"[""zte,zx279133-xpcs-nppt-audit""]",[],"{""clock"": [""ZX279133_NPPT_WCLK_RATE"", ""ZX279133_XPCS_PCLK_RATE"", ""__clk_get_enable_count"", ""__clk_is_enabled"", ""clk_get_rate"", ""devm_clk_get"", ""zx279133_audit_clocks_valid""], ""register-io"": [""devm_ioremap_resource"", ""readl""], ""sysfs"": [""sysfs_emit""]}","[""0x84"", ""0x90"", ""0x94"", ""0x00001000"", ""0x8010"", ""0x00200000"", ""0x19000000"", ""0x1a000000"", ""0x1b000000""]"
linux-6.18.38/drivers/spi/spi-zx279133-sfc.c,7240145379c7907ec66e63b8d96730ace8537928b3e1a7ae9853290a26a698f8,"[""zte,zx279133-sfc""]",[],"{""clock"": [""clk_get_rate"", ""clk_set_rate"", ""clock"", ""devm_clk_get_enabled""], ""irq"": [""IRQ_HANDLED"", ""IRQ_NONE"", ""ZX_SFC_IRQ_ALL"", ""ZX_SFC_IRQ_ENABLE"", ""ZX_SFC_IRQ_STATUS"", ""devm_request_irq"", ""irq_status"", ""platform_get_irq"", ""zx_sfc_collect_irq_status""], ""register-io"": [""devm_platform_ioremap_resource"", ""readl"", ""readl_poll_timeout"", ""regmap_update_bits"", ""syscon_regmap_lookup_by_phandle_args"", ""writel""], ""reset"": [""devm_reset_control_get_exclusive"", ""reset_control"", ""reset_control_reset"", ""reset_ret""]}","[""0x04"", ""0x08"", ""0x0c"", ""0x10"", ""0x14"", ""0x18"", ""0x1c"", ""0x20"", ""0x28"", ""0x2c"", ""0x30"", ""0x34"", ""0x36"", ""0x37"", ""0x38"", ""0xff"", ""0x0001c440""]"
linux-6.18.38/drivers/watchdog/zx279133_wdt.c,d07fea189965d1205b289534cdce15978937387ba88646ed6bf0a60ebe6f5350,"[""zte,zx279133-watchdog""]","[""nowayout, bool, 0444"", ""timeout, uint, 0444""]","{""clock"": [""clk_bulk_data"", ""clk_bulk_disable_unprepare"", ""clk_bulk_prepare_enable"", ""clk_get_rate"", ""clk_set_rate"", ""clock"", ""clocks"", ""devm_clk_bulk_get"", ""zx279133_wdt_disable_clocks""], ""register-io"": [""devm_platform_ioremap_resource"", ""readl"", ""readl_poll_timeout_atomic"", ""regmap_read"", ""regmap_update_bits"", ""syscon_regmap_lookup_by_phandle"", ""writel""], ""reset"": [""devm_add_action_or_reset"", ""reset_mask"", ""reset_offset"", ""reset_value""]}","[""0x04"", ""0x08"", ""0x10"", ""0x18"", ""0x1c"", ""0x3c"", ""0x1f00"", ""0xffff"", ""0x12340000""]"
"linux-6.18.38/include/dt-bindings/clock/zte,zx279133-lsp.h",be53a356aa80a50ade337cb9c7ef58d38172bef9d168e0f6ab66c824e5e76903,[],[],"{""clock"": [""ZX279133_LSP1_CLK_EFUSE_PCLK"", ""ZX279133_LSP1_CLK_EFUSE_WCLK"", ""ZX279133_LSP1_CLK_MDIO0_PCLK"", ""ZX279133_LSP1_CLK_MDIO0_WCLK"", ""ZX279133_LSP1_CLK_MDIO1_PCLK"", ""ZX279133_LSP1_CLK_MDIO1_WCLK"", ""ZX279133_LSP1_CLK_PWM_PCLK"", ""ZX279133_LSP1_CLK_PWM_WCLK"", ""ZX279133_LSP1_CLK_WDT0_PCLK"", ""ZX279133_LSP1_CLK_WDT0_WCLK"", ""ZX279133_LSP1_CLK_WDT1_PCLK"", ""ZX279133_LSP1_CLK_WDT1_WCLK"", ""ZX279133_LSP_CLK_SPIFC_PCLK"", ""ZX279133_LSP_CLK_SPIFC_WCLK"", ""ZX279133_LSP_CLK_UART0_PCLK"", ""ZX279133_LSP_CLK_UART0_WCLK"", ""_DT_BINDINGS_CLOCK_ZTE_ZX279133_LSP_H""], ""phy"": [""ZX279133_LSP1_CLK_MDIO0_PCLK"", ""ZX279133_LSP1_CLK_MDIO0_WCLK"", ""ZX279133_LSP1_CLK_MDIO1_PCLK"", ""ZX279133_LSP1_CLK_MDIO1_WCLK""]}",[]
"linux-6.18.38/include/dt-bindings/clock/zte,zx279133-topcrm.h",fdb86cc58692deed3126a3ced62d28f757da57115bcfa94a4be7d360f5f9a493,[],[],"{""clock"": [""ZX279133_TOPCRM_CLK_A53_MCLK"", ""ZX279133_TOPCRM_CLK_CCI_ACLK"", ""ZX279133_TOPCRM_CLK_LSP0_100M"", ""ZX279133_TOPCRM_CLK_LSP0_25M"", ""ZX279133_TOPCRM_CLK_LSP0_PCLK"", ""ZX279133_TOPCRM_CLK_LSP1_100M"", ""ZX279133_TOPCRM_CLK_LSP1_25M"", ""ZX279133_TOPCRM_CLK_LSP1_32K"", ""ZX279133_TOPCRM_CLK_LSP1_PCLK"", ""ZX279133_TOPCRM_CLK_PON_IDM_ACLK"", ""ZX279133_TOPCRM_CLK_PON_MAC_WCLK"", ""ZX279133_TOPCRM_CLK_PON_NPPT_WCLK_MUX"", ""ZX279133_TOPCRM_CLK_PON_PCLK"", ""ZX279133_TOPCRM_CLK_PON_SERDES_PCLK"", ""ZX279133_TOPCRM_CLK_PON_SMAC_WCLK"", ""ZX279133_TOPCRM_CLK_PON_TM_ACLK"", ""ZX279133_TOPCRM_CLK_PON_WOE1_WCLK"", ""ZX279133_TOPCRM_CLK_PVT_PCLK"", ""ZX279133_TOPCRM_CLK_SPIFC_WCLK"", ""ZX279133_TOPCRM_CLK_SYS_ACLK"", ""ZX279133_TOPCRM_CLK_SYS_HCLK"", ""ZX279133_TOPCRM_CLK_SYS_PCLK"", ""ZX279133_TOPCRM_CLK_TEMPSENSOR_WCLK"", ""ZX279133_TOPCRM_CLK_UNI_SERDES_50M"", ""ZX279133_TOPCRM_CLK_UNI_SERDES_PCLK"", ""ZX279133_TOPCRM_CLK_USB_ACLK"", ""ZX279133_TOPCRM_CLK_USB_CCI_ACLK"", ""ZX279133_TOPCRM_CLK_USB_PCLK"", ""_DT_BINDINGS_CLOCK_ZTE_ZX279133_TOPCRM_H""], ""thermal"": [""ZX279133_TOPCRM_CLK_TEMPSENSOR_WCLK""]}",[]
"linux-6.18.38/include/dt-bindings/reset/zte,zx279133-lsp.h",8531c8606a7d4f12743d35aea504ccbd9a20b4e7301ddab45cd7b97033b4b067,[],[],"{""phy"": [""ZX279133_LSP1_RESET_MDIO0"", ""ZX279133_LSP1_RESET_MDIO1""], ""reset"": [""ZX279133_LSP1_RESET_MDIO0"", ""ZX279133_LSP1_RESET_MDIO1"", ""ZX279133_LSP_RESET_SPIFC"", ""ZX279133_LSP_RESET_UART0"", ""_DT_BINDINGS_RESET_ZTE_ZX279133_LSP_H""]}",[]
"linux-6.18.38/include/dt-bindings/reset/zte,zx279133-topcrm.h",c453911a7dab79092cf6b063f82908ef82688677ac456cb08aeafa0a90348693,[],[],"{""reset"": [""ZX279133_LOCAL_RESET_PON_SERDES"", ""ZX279133_LOCAL_RESET_PON_SERDES_APB"", ""ZX279133_LOCAL_RESET_UNI_SERDES_RX"", ""ZX279133_LOCAL_RESET_UNI_SERDES_TX"", ""_DT_BINDINGS_RESET_ZTE_ZX279133_TOPCRM_H""]}",[]
